ID,context,answer,references
1,"Question: returning M- n + 1th key value from the hash table. Time Complexity: Time for creating the hash table, T(m) = O(m). Space Complexity: Since we need to create a hash table of size m, O(m). Problem-4  Can we use the Problem-3 approach for solving Problem-2 without creating the hash table? Solution: Yes. If we observe the Problem-3 solution, what we are actually doing is finding the size of the linked list. That means we are using the hash table to find the size of the linked list. We can find the length of the linked list just by starting at the head node and traversing the list. So, we can find the length of the list without creating the hash table. After finding the length, compute M – n + 1 and with one more scan we can get the M – n+ 1th node from the beginning. This solution needs two sc
Answer: one for finding the length of the list and the other for finding M – n+ 1th node from the beginning. Time Complexity: Time for finding the length + Time for finding the M – n + 1th node from the beginning. Therefore, T(n) = O(n) + O(n) ≈ O(n). Space Complexity: O(1). Hence, no need to create the hash table. Problem-5  Can we solve Problem-2 in one scan? Solution: Yes. Efficient Approach: Use two pointers pNthNode and pTemp. Initially, both point to head node of the list. pNthNode starts moving only after pTemp has made n moves. From there both move forward until pTemp reaches the end of the list. As a result pNthNode points to nth node from the end of the linked list. Note: At any point of time both move one node at a time.

Question: X indicates a pop operation, and with the stack initially empty, formulate a rule to check whether a given string 5 of operations is admissible or not? Solution: Given a string of length 2n, we wish to check whether the given string of operations is permissible or not with respect to its functioning on a stack. The only restricted operation is pop whose prior requirement is that the stack should not be empty. So while traversing the string from left to right, prior to any pop the stack shouldn’t be empty, which means the number of S’s is always greater than or equal to that of X’s. Hence the condition is at any stage of processing of the string, the number of push operations (S) should be greater than the number of pop operations (X). Problem-21  Suppose there are two singly linked lists which intersect at some point and become a single linked list. The head or start pointers of both the lists are known, but the intersecting node is not known. Also, the number of nodes in each of the lists before they intersect are unknown and both lists may have a different number. List1 may have n nodes before it reaches the intersection point and List2 may have m nodes before it reaches the intersection point where m and n may be m = n,m < n or m > n. Can we find the merging point using stacks? Solution: Yes. For algorithm refer to Linked Lists chapter. Problem-22  Finding Sp
Answer: Given an array A, the span S[i] of A[i] is the maximum number of consecutive elements A[j] immediately preceding A[i] and such that A[j] < A[i]? Other way of asking: Given an array A of integers, find the maximum of j – i subjected to the constraint of A[i] < A[j]. Solution:

Question: X indicates a pop operation, and with the stack initially empty, formulate a rule to check whether a given string 5 of operations is admissible or not? Solution: Given a string of length 2n, we wish to check whether the given string of operations is permissible or not with respect to its functioning on a stack. The only restricted operation is pop whose prior requirement is that the stack should not be empty. So while traversing the string from left to right, prior to any pop the stack shouldn’t be empty, which means the number of S’s is always greater than or equal to that of X’s. Hence the condition is at any stage of processing of the string, the number of push operations (S) should be greater than the number of pop operations (X). Problem-21  Suppose there are two singly linked lists which intersect at some point and become a single linked list. The head or start pointers of both the lists are known, but the intersecting node is not known. Also, the number of nodes in each of the lists before they intersect are unknown and both lists may have a different number. List1 may have n nodes before it reaches the intersection point and List2 may have m nodes before it reaches the intersection point where m and n may be m = n,m < n or m > n. Can we find the merging point using stacks? Solution: Yes. For algorithm refer to Linked Lists chapter. Problem-22  Finding Sp
Answer: Given an array A, the span S[i] of A[i] is the maximum number of consecutive elements A[j] immediately preceding A[i] and such that A[j] < A[i]? Other way of asking: Given an array A of integers, find the maximum of j – i subjected to the constraint of A[i] < A[j]. Solution:

Question: X indicates a pop operation, and with the stack initially empty, formulate a rule to check whether a given string 5 of operations is admissible or not? Solution: Given a string of length 2n, we wish to check whether the given string of operations is permissible or not with respect to its functioning on a stack. The only restricted operation is pop whose prior requirement is that the stack should not be empty. So while traversing the string from left to right, prior to any pop the stack shouldn’t be empty, which means the number of S’s is always greater than or equal to that of X’s. Hence the condition is at any stage of processing of the string, the number of push operations (S) should be greater than the number of pop operations (X). Problem-21  Suppose there are two singly linked lists which intersect at some point and become a single linked list. The head or start pointers of both the lists are known, but the intersecting node is not known. Also, the number of nodes in each of the lists before they intersect are unknown and both lists may have a different number. List1 may have n nodes before it reaches the intersection point and List2 may have m nodes before it reaches the intersection point where m and n may be m = n,m < n or m > n. Can we find the merging point using stacks? Solution: Yes. For algorithm refer to Linked Lists chapter. Problem-22  Finding Sp
Answer: Given an array A, the span S[i] of A[i] is the maximum number of consecutive elements A[j] immediately preceding A[i] and such that A[j] < A[i]? Other way of asking: Given an array A of integers, find the maximum of j – i subjected to the constraint of A[i] < A[j]. Solution:

Question: X indicates a pop operation, and with the stack initially empty, formulate a rule to check whether a given string 5 of operations is admissible or not? Solution: Given a string of length 2n, we wish to check whether the given string of operations is permissible or not with respect to its functioning on a stack. The only restricted operation is pop whose prior requirement is that the stack should not be empty. So while traversing the string from left to right, prior to any pop the stack shouldn’t be empty, which means the number of S’s is always greater than or equal to that of X’s. Hence the condition is at any stage of processing of the string, the number of push operations (S) should be greater than the number of pop operations (X). Problem-21  Suppose there are two singly linked lists which intersect at some point and become a single linked list. The head or start pointers of both the lists are known, but the intersecting node is not known. Also, the number of nodes in each of the lists before they intersect are unknown and both lists may have a different number. List1 may have n nodes before it reaches the intersection point and List2 may have m nodes before it reaches the intersection point where m and n may be m = n,m < n or m > n. Can we find the merging point using stacks? Solution: Yes. For algorithm refer to Linked Lists chapter. Problem-22  Finding Sp
Answer: Given an array A, the span S[i] of A[i] is the maximum number of consecutive elements A[j] immediately preceding A[i] and such that A[j] < A[i]? Other way of asking: Given an array A of integers, find the maximum of j – i subjected to the constraint of A[i] < A[j]. Solution:","- Definition: A data structure is a way to store and organize data in a computer so that it can be efficiently accessed, modified, and manipulated.

- Explanation: Data structures provide a way to manage large amounts of data, making it possible to perform operations such as searching, sorting, and retrieving data efficiently. They are the building blocks of computer programs and are used to implement algorithms.

- Example: Arrays, linked lists, stacks, queues, trees, and graphs are all examples of data structures.

- Time Complexity: Not applicable, as data structures are a concept rather than an algorithm.

- Space Complexity: Not applicable, as data structures are a concept rather than an algorithm.

- Use Cases: Data structures are used in a wide range of applications, including databases, file systems, web browsers, and operating systems. They are also used in algorithms for solving problems such as sorting, searching, and graph traversal.","{""sections"": [""General"", ""Stack""], ""pages"": [195, 124]}"
2,"Question: X indicates a pop operation, and with the stack initially empty, formulate a rule to check whether a given string 5 of operations is admissible or not? Solution: Given a string of length 2n, we wish to check whether the given string of operations is permissible or not with respect to its functioning on a stack. The only restricted operation is pop whose prior requirement is that the stack should not be empty. So while traversing the string from left to right, prior to any pop the stack shouldn’t be empty, which means the number of S’s is always greater than or equal to that of X’s. Hence the condition is at any stage of processing of the string, the number of push operations (S) should be greater than the number of pop operations (X). Problem-21  Suppose there are two singly linked lists which intersect at some point and become a single linked list. The head or start pointers of both the lists are known, but the intersecting node is not known. Also, the number of nodes in each of the lists before they intersect are unknown and both lists may have a different number. List1 may have n nodes before it reaches the intersection point and List2 may have m nodes before it reaches the intersection point where m and n may be m = n,m < n or m > n. Can we find the merging point using stacks? Solution: Yes. For algorithm refer to Linked Lists chapter. Problem-22  Finding Sp
Answer: Given an array A, the span S[i] of A[i] is the maximum number of consecutive elements A[j] immediately preceding A[i] and such that A[j] < A[i]? Other way of asking: Given an array A of integers, find the maximum of j – i subjected to the constraint of A[i] < A[j]. Solution:

Question: returning M- n + 1th key value from the hash table. Time Complexity: Time for creating the hash table, T(m) = O(m). Space Complexity: Since we need to create a hash table of size m, O(m). Problem-4  Can we use the Problem-3 approach for solving Problem-2 without creating the hash table? Solution: Yes. If we observe the Problem-3 solution, what we are actually doing is finding the size of the linked list. That means we are using the hash table to find the size of the linked list. We can find the length of the linked list just by starting at the head node and traversing the list. So, we can find the length of the list without creating the hash table. After finding the length, compute M – n + 1 and with one more scan we can get the M – n+ 1th node from the beginning. This solution needs two sc
Answer: one for finding the length of the list and the other for finding M – n+ 1th node from the beginning. Time Complexity: Time for finding the length + Time for finding the M – n + 1th node from the beginning. Therefore, T(n) = O(n) + O(n) ≈ O(n). Space Complexity: O(1). Hence, no need to create the hash table. Problem-5  Can we solve Problem-2 in one scan? Solution: Yes. Efficient Approach: Use two pointers pNthNode and pTemp. Initially, both point to head node of the list. pNthNode starts moving only after pTemp has made n moves. From there both move forward until pTemp reaches the end of the list. As a result pNthNode points to nth node from the end of the linked list. Note: At any point of time both move one node at a time.

Question: X indicates a pop operation, and with the stack initially empty, formulate a rule to check whether a given string 5 of operations is admissible or not? Solution: Given a string of length 2n, we wish to check whether the given string of operations is permissible or not with respect to its functioning on a stack. The only restricted operation is pop whose prior requirement is that the stack should not be empty. So while traversing the string from left to right, prior to any pop the stack shouldn’t be empty, which means the number of S’s is always greater than or equal to that of X’s. Hence the condition is at any stage of processing of the string, the number of push operations (S) should be greater than the number of pop operations (X). Problem-21  Suppose there are two singly linked lists which intersect at some point and become a single linked list. The head or start pointers of both the lists are known, but the intersecting node is not known. Also, the number of nodes in each of the lists before they intersect are unknown and both lists may have a different number. List1 may have n nodes before it reaches the intersection point and List2 may have m nodes before it reaches the intersection point where m and n may be m = n,m < n or m > n. Can we find the merging point using stacks? Solution: Yes. For algorithm refer to Linked Lists chapter. Problem-22  Finding Sp
Answer: Given an array A, the span S[i] of A[i] is the maximum number of consecutive elements A[j] immediately preceding A[i] and such that A[j] < A[i]? Other way of asking: Given an array A of integers, find the maximum of j – i subjected to the constraint of A[i] < A[j]. Solution:

Question: X indicates a pop operation, and with the stack initially empty, formulate a rule to check whether a given string 5 of operations is admissible or not? Solution: Given a string of length 2n, we wish to check whether the given string of operations is permissible or not with respect to its functioning on a stack. The only restricted operation is pop whose prior requirement is that the stack should not be empty. So while traversing the string from left to right, prior to any pop the stack shouldn’t be empty, which means the number of S’s is always greater than or equal to that of X’s. Hence the condition is at any stage of processing of the string, the number of push operations (S) should be greater than the number of pop operations (X). Problem-21  Suppose there are two singly linked lists which intersect at some point and become a single linked list. The head or start pointers of both the lists are known, but the intersecting node is not known. Also, the number of nodes in each of the lists before they intersect are unknown and both lists may have a different number. List1 may have n nodes before it reaches the intersection point and List2 may have m nodes before it reaches the intersection point where m and n may be m = n,m < n or m > n. Can we find the merging point using stacks? Solution: Yes. For algorithm refer to Linked Lists chapter. Problem-22  Finding Sp
Answer: Given an array A, the span S[i] of A[i] is the maximum number of consecutive elements A[j] immediately preceding A[i] and such that A[j] < A[i]? Other way of asking: Given an array A of integers, find the maximum of j – i subjected to the constraint of A[i] < A[j]. Solution:

Question: X indicates a pop operation, and with the stack initially empty, formulate a rule to check whether a given string 5 of operations is admissible or not? Solution: Given a string of length 2n, we wish to check whether the given string of operations is permissible or not with respect to its functioning on a stack. The only restricted operation is pop whose prior requirement is that the stack should not be empty. So while traversing the string from left to right, prior to any pop the stack shouldn’t be empty, which means the number of S’s is always greater than or equal to that of X’s. Hence the condition is at any stage of processing of the string, the number of push operations (S) should be greater than the number of pop operations (X). Problem-21  Suppose there are two singly linked lists which intersect at some point and become a single linked list. The head or start pointers of both the lists are known, but the intersecting node is not known. Also, the number of nodes in each of the lists before they intersect are unknown and both lists may have a different number. List1 may have n nodes before it reaches the intersection point and List2 may have m nodes before it reaches the intersection point where m and n may be m = n,m < n or m > n. Can we find the merging point using stacks? Solution: Yes. For algorithm refer to Linked Lists chapter. Problem-22  Finding Sp
Answer: Given an array A, the span S[i] of A[i] is the maximum number of consecutive elements A[j] immediately preceding A[i] and such that A[j] < A[i]? Other way of asking: Given an array A of integers, find the maximum of j – i subjected to the constraint of A[i] < A[j]. Solution:","- Definition: An algorithm is a well-defined procedure that takes some input and produces a corresponding output.
- Explanation: An algorithm is a set of instructions that is used to solve a specific problem or perform a particular task. It is a step-by-step procedure that is used to manipulate data and produce a desired output.
- Example: A simple example of an algorithm is a recipe for making a cake. The recipe provides a step-by-step procedure for mixing ingredients, baking the cake, and decorating it.
- Time Complexity: Not applicable, as this is a general definition of an algorithm.
- Space Complexity: Not applicable, as this is a general definition of an algorithm.
- Use Cases: Algorithms are used in a wide range of fields, including computer science, mathematics, engineering, and economics. They are used to solve problems, make decisions, and optimize processes.","{""sections"": [""General"", ""Stack""], ""pages"": [195, 124]}"
3,"Question: returning M- n + 1th key value from the hash table. Time Complexity: Time for creating the hash table, T(m) = O(m). Space Complexity: Since we need to create a hash table of size m, O(m). Problem-4  Can we use the Problem-3 approach for solving Problem-2 without creating the hash table? Solution: Yes. If we observe the Problem-3 solution, what we are actually doing is finding the size of the linked list. That means we are using the hash table to find the size of the linked list. We can find the length of the linked list just by starting at the head node and traversing the list. So, we can find the length of the list without creating the hash table. After finding the length, compute M – n + 1 and with one more scan we can get the M – n+ 1th node from the beginning. This solution needs two sc
Answer: one for finding the length of the list and the other for finding M – n+ 1th node from the beginning. Time Complexity: Time for finding the length + Time for finding the M – n + 1th node from the beginning. Therefore, T(n) = O(n) + O(n) ≈ O(n). Space Complexity: O(1). Hence, no need to create the hash table. Problem-5  Can we solve Problem-2 in one scan? Solution: Yes. Efficient Approach: Use two pointers pNthNode and pTemp. Initially, both point to head node of the list. pNthNode starts moving only after pTemp has made n moves. From there both move forward until pTemp reaches the end of the list. As a result pNthNode points to nth node from the end of the linked list. Note: At any point of time both move one node at a time.

Question: X indicates a pop operation, and with the stack initially empty, formulate a rule to check whether a given string 5 of operations is admissible or not? Solution: Given a string of length 2n, we wish to check whether the given string of operations is permissible or not with respect to its functioning on a stack. The only restricted operation is pop whose prior requirement is that the stack should not be empty. So while traversing the string from left to right, prior to any pop the stack shouldn’t be empty, which means the number of S’s is always greater than or equal to that of X’s. Hence the condition is at any stage of processing of the string, the number of push operations (S) should be greater than the number of pop operations (X). Problem-21  Suppose there are two singly linked lists which intersect at some point and become a single linked list. The head or start pointers of both the lists are known, but the intersecting node is not known. Also, the number of nodes in each of the lists before they intersect are unknown and both lists may have a different number. List1 may have n nodes before it reaches the intersection point and List2 may have m nodes before it reaches the intersection point where m and n may be m = n,m < n or m > n. Can we find the merging point using stacks? Solution: Yes. For algorithm refer to Linked Lists chapter. Problem-22  Finding Sp
Answer: Given an array A, the span S[i] of A[i] is the maximum number of consecutive elements A[j] immediately preceding A[i] and such that A[j] < A[i]? Other way of asking: Given an array A of integers, find the maximum of j – i subjected to the constraint of A[i] < A[j]. Solution:

Question: X indicates a pop operation, and with the stack initially empty, formulate a rule to check whether a given string 5 of operations is admissible or not? Solution: Given a string of length 2n, we wish to check whether the given string of operations is permissible or not with respect to its functioning on a stack. The only restricted operation is pop whose prior requirement is that the stack should not be empty. So while traversing the string from left to right, prior to any pop the stack shouldn’t be empty, which means the number of S’s is always greater than or equal to that of X’s. Hence the condition is at any stage of processing of the string, the number of push operations (S) should be greater than the number of pop operations (X). Problem-21  Suppose there are two singly linked lists which intersect at some point and become a single linked list. The head or start pointers of both the lists are known, but the intersecting node is not known. Also, the number of nodes in each of the lists before they intersect are unknown and both lists may have a different number. List1 may have n nodes before it reaches the intersection point and List2 may have m nodes before it reaches the intersection point where m and n may be m = n,m < n or m > n. Can we find the merging point using stacks? Solution: Yes. For algorithm refer to Linked Lists chapter. Problem-22  Finding Sp
Answer: Given an array A, the span S[i] of A[i] is the maximum number of consecutive elements A[j] immediately preceding A[i] and such that A[j] < A[i]? Other way of asking: Given an array A of integers, find the maximum of j – i subjected to the constraint of A[i] < A[j]. Solution:

Question: X indicates a pop operation, and with the stack initially empty, formulate a rule to check whether a given string 5 of operations is admissible or not? Solution: Given a string of length 2n, we wish to check whether the given string of operations is permissible or not with respect to its functioning on a stack. The only restricted operation is pop whose prior requirement is that the stack should not be empty. So while traversing the string from left to right, prior to any pop the stack shouldn’t be empty, which means the number of S’s is always greater than or equal to that of X’s. Hence the condition is at any stage of processing of the string, the number of push operations (S) should be greater than the number of pop operations (X). Problem-21  Suppose there are two singly linked lists which intersect at some point and become a single linked list. The head or start pointers of both the lists are known, but the intersecting node is not known. Also, the number of nodes in each of the lists before they intersect are unknown and both lists may have a different number. List1 may have n nodes before it reaches the intersection point and List2 may have m nodes before it reaches the intersection point where m and n may be m = n,m < n or m > n. Can we find the merging point using stacks? Solution: Yes. For algorithm refer to Linked Lists chapter. Problem-22  Finding Sp
Answer: Given an array A, the span S[i] of A[i] is the maximum number of consecutive elements A[j] immediately preceding A[i] and such that A[j] < A[i]? Other way of asking: Given an array A of integers, find the maximum of j – i subjected to the constraint of A[i] < A[j]. Solution:

Question: X indicates a pop operation, and with the stack initially empty, formulate a rule to check whether a given string 5 of operations is admissible or not? Solution: Given a string of length 2n, we wish to check whether the given string of operations is permissible or not with respect to its functioning on a stack. The only restricted operation is pop whose prior requirement is that the stack should not be empty. So while traversing the string from left to right, prior to any pop the stack shouldn’t be empty, which means the number of S’s is always greater than or equal to that of X’s. Hence the condition is at any stage of processing of the string, the number of push operations (S) should be greater than the number of pop operations (X). Problem-21  Suppose there are two singly linked lists which intersect at some point and become a single linked list. The head or start pointers of both the lists are known, but the intersecting node is not known. Also, the number of nodes in each of the lists before they intersect are unknown and both lists may have a different number. List1 may have n nodes before it reaches the intersection point and List2 may have m nodes before it reaches the intersection point where m and n may be m = n,m < n or m > n. Can we find the merging point using stacks? Solution: Yes. For algorithm refer to Linked Lists chapter. Problem-22  Finding Sp
Answer: Given an array A, the span S[i] of A[i] is the maximum number of consecutive elements A[j] immediately preceding A[i] and such that A[j] < A[i]? Other way of asking: Given an array A of integers, find the maximum of j – i subjected to the constraint of A[i] < A[j]. Solution:","- Definition: Time complexity is the amount of time an algorithm takes to complete as a function of the size of the input.
- Explanation: It is a measure of the computational complexity that describes the amount of time an algorithm takes to complete as a function of the size of the input. It is usually expressed as a function of the size of the input, typically represented as 'n', and is written as O(f(n)), where f(n) is the function describing the time complexity.
- Example: For example, if an algorithm has a time complexity of O(n), this means that the time it takes to complete will increase linearly with the size of the input.
- Time Complexity: Not applicable, as time complexity is a concept, not a problem to be solved.
- Space Complexity: Not applicable, as space complexity is a concept, not a problem to be solved.
- Use Cases: Time complexity is used to analyze the efficiency of algorithms, to compare the performance of different algorithms, and to predict the running time of an algorithm for large inputs.","{""sections"": [""General"", ""Stack""], ""pages"": [195, 124]}"
4,"Question: returning M- n + 1th key value from the hash table. Time Complexity: Time for creating the hash table, T(m) = O(m). Space Complexity: Since we need to create a hash table of size m, O(m). Problem-4  Can we use the Problem-3 approach for solving Problem-2 without creating the hash table? Solution: Yes. If we observe the Problem-3 solution, what we are actually doing is finding the size of the linked list. That means we are using the hash table to find the size of the linked list. We can find the length of the linked list just by starting at the head node and traversing the list. So, we can find the length of the list without creating the hash table. After finding the length, compute M – n + 1 and with one more scan we can get the M – n+ 1th node from the beginning. This solution needs two sc
Answer: one for finding the length of the list and the other for finding M – n+ 1th node from the beginning. Time Complexity: Time for finding the length + Time for finding the M – n + 1th node from the beginning. Therefore, T(n) = O(n) + O(n) ≈ O(n). Space Complexity: O(1). Hence, no need to create the hash table. Problem-5  Can we solve Problem-2 in one scan? Solution: Yes. Efficient Approach: Use two pointers pNthNode and pTemp. Initially, both point to head node of the list. pNthNode starts moving only after pTemp has made n moves. From there both move forward until pTemp reaches the end of the list. As a result pNthNode points to nth node from the end of the linked list. Note: At any point of time both move one node at a time.

Question: X indicates a pop operation, and with the stack initially empty, formulate a rule to check whether a given string 5 of operations is admissible or not? Solution: Given a string of length 2n, we wish to check whether the given string of operations is permissible or not with respect to its functioning on a stack. The only restricted operation is pop whose prior requirement is that the stack should not be empty. So while traversing the string from left to right, prior to any pop the stack shouldn’t be empty, which means the number of S’s is always greater than or equal to that of X’s. Hence the condition is at any stage of processing of the string, the number of push operations (S) should be greater than the number of pop operations (X). Problem-21  Suppose there are two singly linked lists which intersect at some point and become a single linked list. The head or start pointers of both the lists are known, but the intersecting node is not known. Also, the number of nodes in each of the lists before they intersect are unknown and both lists may have a different number. List1 may have n nodes before it reaches the intersection point and List2 may have m nodes before it reaches the intersection point where m and n may be m = n,m < n or m > n. Can we find the merging point using stacks? Solution: Yes. For algorithm refer to Linked Lists chapter. Problem-22  Finding Sp
Answer: Given an array A, the span S[i] of A[i] is the maximum number of consecutive elements A[j] immediately preceding A[i] and such that A[j] < A[i]? Other way of asking: Given an array A of integers, find the maximum of j – i subjected to the constraint of A[i] < A[j]. Solution:

Question: X indicates a pop operation, and with the stack initially empty, formulate a rule to check whether a given string 5 of operations is admissible or not? Solution: Given a string of length 2n, we wish to check whether the given string of operations is permissible or not with respect to its functioning on a stack. The only restricted operation is pop whose prior requirement is that the stack should not be empty. So while traversing the string from left to right, prior to any pop the stack shouldn’t be empty, which means the number of S’s is always greater than or equal to that of X’s. Hence the condition is at any stage of processing of the string, the number of push operations (S) should be greater than the number of pop operations (X). Problem-21  Suppose there are two singly linked lists which intersect at some point and become a single linked list. The head or start pointers of both the lists are known, but the intersecting node is not known. Also, the number of nodes in each of the lists before they intersect are unknown and both lists may have a different number. List1 may have n nodes before it reaches the intersection point and List2 may have m nodes before it reaches the intersection point where m and n may be m = n,m < n or m > n. Can we find the merging point using stacks? Solution: Yes. For algorithm refer to Linked Lists chapter. Problem-22  Finding Sp
Answer: Given an array A, the span S[i] of A[i] is the maximum number of consecutive elements A[j] immediately preceding A[i] and such that A[j] < A[i]? Other way of asking: Given an array A of integers, find the maximum of j – i subjected to the constraint of A[i] < A[j]. Solution:

Question: X indicates a pop operation, and with the stack initially empty, formulate a rule to check whether a given string 5 of operations is admissible or not? Solution: Given a string of length 2n, we wish to check whether the given string of operations is permissible or not with respect to its functioning on a stack. The only restricted operation is pop whose prior requirement is that the stack should not be empty. So while traversing the string from left to right, prior to any pop the stack shouldn’t be empty, which means the number of S’s is always greater than or equal to that of X’s. Hence the condition is at any stage of processing of the string, the number of push operations (S) should be greater than the number of pop operations (X). Problem-21  Suppose there are two singly linked lists which intersect at some point and become a single linked list. The head or start pointers of both the lists are known, but the intersecting node is not known. Also, the number of nodes in each of the lists before they intersect are unknown and both lists may have a different number. List1 may have n nodes before it reaches the intersection point and List2 may have m nodes before it reaches the intersection point where m and n may be m = n,m < n or m > n. Can we find the merging point using stacks? Solution: Yes. For algorithm refer to Linked Lists chapter. Problem-22  Finding Sp
Answer: Given an array A, the span S[i] of A[i] is the maximum number of consecutive elements A[j] immediately preceding A[i] and such that A[j] < A[i]? Other way of asking: Given an array A of integers, find the maximum of j – i subjected to the constraint of A[i] < A[j]. Solution:

Question: X indicates a pop operation, and with the stack initially empty, formulate a rule to check whether a given string 5 of operations is admissible or not? Solution: Given a string of length 2n, we wish to check whether the given string of operations is permissible or not with respect to its functioning on a stack. The only restricted operation is pop whose prior requirement is that the stack should not be empty. So while traversing the string from left to right, prior to any pop the stack shouldn’t be empty, which means the number of S’s is always greater than or equal to that of X’s. Hence the condition is at any stage of processing of the string, the number of push operations (S) should be greater than the number of pop operations (X). Problem-21  Suppose there are two singly linked lists which intersect at some point and become a single linked list. The head or start pointers of both the lists are known, but the intersecting node is not known. Also, the number of nodes in each of the lists before they intersect are unknown and both lists may have a different number. List1 may have n nodes before it reaches the intersection point and List2 may have m nodes before it reaches the intersection point where m and n may be m = n,m < n or m > n. Can we find the merging point using stacks? Solution: Yes. For algorithm refer to Linked Lists chapter. Problem-22  Finding Sp
Answer: Given an array A, the span S[i] of A[i] is the maximum number of consecutive elements A[j] immediately preceding A[i] and such that A[j] < A[i]? Other way of asking: Given an array A of integers, find the maximum of j – i subjected to the constraint of A[i] < A[j]. Solution:","- Definition: Space complexity is the amount of memory an algorithm requires to run to completion.
- Explanation: It is a measure of the amount of memory an algorithm uses, usually expressed as a function of the input size.
- Example: For example, if an algorithm uses a single array of size n, its space complexity is O(n).
- Time Complexity: Not applicable, as space complexity is a measure of memory usage, not time.
- Space Complexity: O(1) to O(n) or more, depending on the algorithm and data structure used.
- Use Cases: Space complexity is important in situations where memory is limited, such as in embedded systems or mobile devices. It is also important in large-scale applications where memory usage can impact performance.","{""sections"": [""General"", ""Stack""], ""pages"": [195, 124]}"
5,"Question: returning M- n + 1th key value from the hash table. Time Complexity: Time for creating the hash table, T(m) = O(m). Space Complexity: Since we need to create a hash table of size m, O(m). Problem-4  Can we use the Problem-3 approach for solving Problem-2 without creating the hash table? Solution: Yes. If we observe the Problem-3 solution, what we are actually doing is finding the size of the linked list. That means we are using the hash table to find the size of the linked list. We can find the length of the linked list just by starting at the head node and traversing the list. So, we can find the length of the list without creating the hash table. After finding the length, compute M – n + 1 and with one more scan we can get the M – n+ 1th node from the beginning. This solution needs two sc
Answer: one for finding the length of the list and the other for finding M – n+ 1th node from the beginning. Time Complexity: Time for finding the length + Time for finding the M – n + 1th node from the beginning. Therefore, T(n) = O(n) + O(n) ≈ O(n). Space Complexity: O(1). Hence, no need to create the hash table. Problem-5  Can we solve Problem-2 in one scan? Solution: Yes. Efficient Approach: Use two pointers pNthNode and pTemp. Initially, both point to head node of the list. pNthNode starts moving only after pTemp has made n moves. From there both move forward until pTemp reaches the end of the list. As a result pNthNode points to nth node from the end of the linked list. Note: At any point of time both move one node at a time.

Question: X indicates a pop operation, and with the stack initially empty, formulate a rule to check whether a given string 5 of operations is admissible or not? Solution: Given a string of length 2n, we wish to check whether the given string of operations is permissible or not with respect to its functioning on a stack. The only restricted operation is pop whose prior requirement is that the stack should not be empty. So while traversing the string from left to right, prior to any pop the stack shouldn’t be empty, which means the number of S’s is always greater than or equal to that of X’s. Hence the condition is at any stage of processing of the string, the number of push operations (S) should be greater than the number of pop operations (X). Problem-21  Suppose there are two singly linked lists which intersect at some point and become a single linked list. The head or start pointers of both the lists are known, but the intersecting node is not known. Also, the number of nodes in each of the lists before they intersect are unknown and both lists may have a different number. List1 may have n nodes before it reaches the intersection point and List2 may have m nodes before it reaches the intersection point where m and n may be m = n,m < n or m > n. Can we find the merging point using stacks? Solution: Yes. For algorithm refer to Linked Lists chapter. Problem-22  Finding Sp
Answer: Given an array A, the span S[i] of A[i] is the maximum number of consecutive elements A[j] immediately preceding A[i] and such that A[j] < A[i]? Other way of asking: Given an array A of integers, find the maximum of j – i subjected to the constraint of A[i] < A[j]. Solution:

Question: X indicates a pop operation, and with the stack initially empty, formulate a rule to check whether a given string 5 of operations is admissible or not? Solution: Given a string of length 2n, we wish to check whether the given string of operations is permissible or not with respect to its functioning on a stack. The only restricted operation is pop whose prior requirement is that the stack should not be empty. So while traversing the string from left to right, prior to any pop the stack shouldn’t be empty, which means the number of S’s is always greater than or equal to that of X’s. Hence the condition is at any stage of processing of the string, the number of push operations (S) should be greater than the number of pop operations (X). Problem-21  Suppose there are two singly linked lists which intersect at some point and become a single linked list. The head or start pointers of both the lists are known, but the intersecting node is not known. Also, the number of nodes in each of the lists before they intersect are unknown and both lists may have a different number. List1 may have n nodes before it reaches the intersection point and List2 may have m nodes before it reaches the intersection point where m and n may be m = n,m < n or m > n. Can we find the merging point using stacks? Solution: Yes. For algorithm refer to Linked Lists chapter. Problem-22  Finding Sp
Answer: Given an array A, the span S[i] of A[i] is the maximum number of consecutive elements A[j] immediately preceding A[i] and such that A[j] < A[i]? Other way of asking: Given an array A of integers, find the maximum of j – i subjected to the constraint of A[i] < A[j]. Solution:

Question: X indicates a pop operation, and with the stack initially empty, formulate a rule to check whether a given string 5 of operations is admissible or not? Solution: Given a string of length 2n, we wish to check whether the given string of operations is permissible or not with respect to its functioning on a stack. The only restricted operation is pop whose prior requirement is that the stack should not be empty. So while traversing the string from left to right, prior to any pop the stack shouldn’t be empty, which means the number of S’s is always greater than or equal to that of X’s. Hence the condition is at any stage of processing of the string, the number of push operations (S) should be greater than the number of pop operations (X). Problem-21  Suppose there are two singly linked lists which intersect at some point and become a single linked list. The head or start pointers of both the lists are known, but the intersecting node is not known. Also, the number of nodes in each of the lists before they intersect are unknown and both lists may have a different number. List1 may have n nodes before it reaches the intersection point and List2 may have m nodes before it reaches the intersection point where m and n may be m = n,m < n or m > n. Can we find the merging point using stacks? Solution: Yes. For algorithm refer to Linked Lists chapter. Problem-22  Finding Sp
Answer: Given an array A, the span S[i] of A[i] is the maximum number of consecutive elements A[j] immediately preceding A[i] and such that A[j] < A[i]? Other way of asking: Given an array A of integers, find the maximum of j – i subjected to the constraint of A[i] < A[j]. Solution:

Question: X indicates a pop operation, and with the stack initially empty, formulate a rule to check whether a given string 5 of operations is admissible or not? Solution: Given a string of length 2n, we wish to check whether the given string of operations is permissible or not with respect to its functioning on a stack. The only restricted operation is pop whose prior requirement is that the stack should not be empty. So while traversing the string from left to right, prior to any pop the stack shouldn’t be empty, which means the number of S’s is always greater than or equal to that of X’s. Hence the condition is at any stage of processing of the string, the number of push operations (S) should be greater than the number of pop operations (X). Problem-21  Suppose there are two singly linked lists which intersect at some point and become a single linked list. The head or start pointers of both the lists are known, but the intersecting node is not known. Also, the number of nodes in each of the lists before they intersect are unknown and both lists may have a different number. List1 may have n nodes before it reaches the intersection point and List2 may have m nodes before it reaches the intersection point where m and n may be m = n,m < n or m > n. Can we find the merging point using stacks? Solution: Yes. For algorithm refer to Linked Lists chapter. Problem-22  Finding Sp
Answer: Given an array A, the span S[i] of A[i] is the maximum number of consecutive elements A[j] immediately preceding A[i] and such that A[j] < A[i]? Other way of asking: Given an array A of integers, find the maximum of j – i subjected to the constraint of A[i] < A[j]. Solution:","- Definition: An array is a collection of elements of the same data type stored in contiguous memory locations.
- Explanation: Arrays are used to store multiple values of the same type in a single variable. Each element in the array is identified by an index or subscript that allows you to access and manipulate the element.
- Example: int scores[] = {90, 80, 70, 60}; This array stores four integer values.
- Time Complexity: The time complexity of accessing an element in an array is O(1), as it can be accessed directly using its index.
- Space Complexity: The space complexity of an array is O(n), where n is the number of elements in the array.
- Use Cases: Arrays are commonly used in programming to store and manipulate collections of data, such as lists of numbers, strings, or objects. They are also used in algorithms, such as sorting and searching, and in data structures, such as stacks and queues.","{""sections"": [""General"", ""Stack""], ""pages"": [195, 124]}"
6,"Question: X indicates a pop operation, and with the stack initially empty, formulate a rule to check whether a given string 5 of operations is admissible or not? Solution: Given a string of length 2n, we wish to check whether the given string of operations is permissible or not with respect to its functioning on a stack. The only restricted operation is pop whose prior requirement is that the stack should not be empty. So while traversing the string from left to right, prior to any pop the stack shouldn’t be empty, which means the number of S’s is always greater than or equal to that of X’s. Hence the condition is at any stage of processing of the string, the number of push operations (S) should be greater than the number of pop operations (X). Problem-21  Suppose there are two singly linked lists which intersect at some point and become a single linked list. The head or start pointers of both the lists are known, but the intersecting node is not known. Also, the number of nodes in each of the lists before they intersect are unknown and both lists may have a different number. List1 may have n nodes before it reaches the intersection point and List2 may have m nodes before it reaches the intersection point where m and n may be m = n,m < n or m > n. Can we find the merging point using stacks? Solution: Yes. For algorithm refer to Linked Lists chapter. Problem-22  Finding Sp
Answer: Given an array A, the span S[i] of A[i] is the maximum number of consecutive elements A[j] immediately preceding A[i] and such that A[j] < A[i]? Other way of asking: Given an array A of integers, find the maximum of j – i subjected to the constraint of A[i] < A[j]. Solution:

Question: returning M- n + 1th key value from the hash table. Time Complexity: Time for creating the hash table, T(m) = O(m). Space Complexity: Since we need to create a hash table of size m, O(m). Problem-4  Can we use the Problem-3 approach for solving Problem-2 without creating the hash table? Solution: Yes. If we observe the Problem-3 solution, what we are actually doing is finding the size of the linked list. That means we are using the hash table to find the size of the linked list. We can find the length of the linked list just by starting at the head node and traversing the list. So, we can find the length of the list without creating the hash table. After finding the length, compute M – n + 1 and with one more scan we can get the M – n+ 1th node from the beginning. This solution needs two sc
Answer: one for finding the length of the list and the other for finding M – n+ 1th node from the beginning. Time Complexity: Time for finding the length + Time for finding the M – n + 1th node from the beginning. Therefore, T(n) = O(n) + O(n) ≈ O(n). Space Complexity: O(1). Hence, no need to create the hash table. Problem-5  Can we solve Problem-2 in one scan? Solution: Yes. Efficient Approach: Use two pointers pNthNode and pTemp. Initially, both point to head node of the list. pNthNode starts moving only after pTemp has made n moves. From there both move forward until pTemp reaches the end of the list. As a result pNthNode points to nth node from the end of the linked list. Note: At any point of time both move one node at a time.

Question: X indicates a pop operation, and with the stack initially empty, formulate a rule to check whether a given string 5 of operations is admissible or not? Solution: Given a string of length 2n, we wish to check whether the given string of operations is permissible or not with respect to its functioning on a stack. The only restricted operation is pop whose prior requirement is that the stack should not be empty. So while traversing the string from left to right, prior to any pop the stack shouldn’t be empty, which means the number of S’s is always greater than or equal to that of X’s. Hence the condition is at any stage of processing of the string, the number of push operations (S) should be greater than the number of pop operations (X). Problem-21  Suppose there are two singly linked lists which intersect at some point and become a single linked list. The head or start pointers of both the lists are known, but the intersecting node is not known. Also, the number of nodes in each of the lists before they intersect are unknown and both lists may have a different number. List1 may have n nodes before it reaches the intersection point and List2 may have m nodes before it reaches the intersection point where m and n may be m = n,m < n or m > n. Can we find the merging point using stacks? Solution: Yes. For algorithm refer to Linked Lists chapter. Problem-22  Finding Sp
Answer: Given an array A, the span S[i] of A[i] is the maximum number of consecutive elements A[j] immediately preceding A[i] and such that A[j] < A[i]? Other way of asking: Given an array A of integers, find the maximum of j – i subjected to the constraint of A[i] < A[j]. Solution:

Question: X indicates a pop operation, and with the stack initially empty, formulate a rule to check whether a given string 5 of operations is admissible or not? Solution: Given a string of length 2n, we wish to check whether the given string of operations is permissible or not with respect to its functioning on a stack. The only restricted operation is pop whose prior requirement is that the stack should not be empty. So while traversing the string from left to right, prior to any pop the stack shouldn’t be empty, which means the number of S’s is always greater than or equal to that of X’s. Hence the condition is at any stage of processing of the string, the number of push operations (S) should be greater than the number of pop operations (X). Problem-21  Suppose there are two singly linked lists which intersect at some point and become a single linked list. The head or start pointers of both the lists are known, but the intersecting node is not known. Also, the number of nodes in each of the lists before they intersect are unknown and both lists may have a different number. List1 may have n nodes before it reaches the intersection point and List2 may have m nodes before it reaches the intersection point where m and n may be m = n,m < n or m > n. Can we find the merging point using stacks? Solution: Yes. For algorithm refer to Linked Lists chapter. Problem-22  Finding Sp
Answer: Given an array A, the span S[i] of A[i] is the maximum number of consecutive elements A[j] immediately preceding A[i] and such that A[j] < A[i]? Other way of asking: Given an array A of integers, find the maximum of j – i subjected to the constraint of A[i] < A[j]. Solution:

Question: X indicates a pop operation, and with the stack initially empty, formulate a rule to check whether a given string 5 of operations is admissible or not? Solution: Given a string of length 2n, we wish to check whether the given string of operations is permissible or not with respect to its functioning on a stack. The only restricted operation is pop whose prior requirement is that the stack should not be empty. So while traversing the string from left to right, prior to any pop the stack shouldn’t be empty, which means the number of S’s is always greater than or equal to that of X’s. Hence the condition is at any stage of processing of the string, the number of push operations (S) should be greater than the number of pop operations (X). Problem-21  Suppose there are two singly linked lists which intersect at some point and become a single linked list. The head or start pointers of both the lists are known, but the intersecting node is not known. Also, the number of nodes in each of the lists before they intersect are unknown and both lists may have a different number. List1 may have n nodes before it reaches the intersection point and List2 may have m nodes before it reaches the intersection point where m and n may be m = n,m < n or m > n. Can we find the merging point using stacks? Solution: Yes. For algorithm refer to Linked Lists chapter. Problem-22  Finding Sp
Answer: Given an array A, the span S[i] of A[i] is the maximum number of consecutive elements A[j] immediately preceding A[i] and such that A[j] < A[i]? Other way of asking: Given an array A of integers, find the maximum of j – i subjected to the constraint of A[i] < A[j]. Solution:","- Definition: Operations on arrays refer to the various methods and techniques used to manipulate and process data stored in arrays.

- Explanation: Arrays are a fundamental data structure in computer science, and operations on arrays are essential for solving various problems. These operations can include searching, sorting, inserting, deleting, and modifying elements in the array.

- Example: Some common operations on arrays include:
  - Searching for a specific element in the array.
  - Sorting the elements of the array in ascending or descending order.
  - Inserting a new element into the array.
  - Deleting an element from the array.
  - Modifying an existing element in the array.

- Time Complexity: The time complexity of operations on arrays can vary depending on the specific operation and the size of the array. For example:
  - Searching for an element in an unsorted array can have a time complexity of O(n), where n is the size of the array.
  - Sorting an array can have a time complexity of O(n log n) using efficient algorithms like quicksort or mergesort.
  - Inserting or deleting an element from an array can have a time complexity of O(n) in the worst case.

- Space Complexity: The space complexity of operations on arrays is typically O(1), as the operations do not require any additional space that scales with the size of the input array.

- Use Cases: Operations on arrays are used in a wide range of applications, including:
  - Data processing and analysis.
  - Scientific computing and simulations.
  - Machine learning and artificial intelligence.
  - Web development and database management.
  - Operating systems and embedded systems.","{""sections"": [""General"", ""Stack""], ""pages"": [195, 124]}"
7,"Question: returning M- n + 1th key value from the hash table. Time Complexity: Time for creating the hash table, T(m) = O(m). Space Complexity: Since we need to create a hash table of size m, O(m). Problem-4  Can we use the Problem-3 approach for solving Problem-2 without creating the hash table? Solution: Yes. If we observe the Problem-3 solution, what we are actually doing is finding the size of the linked list. That means we are using the hash table to find the size of the linked list. We can find the length of the linked list just by starting at the head node and traversing the list. So, we can find the length of the list without creating the hash table. After finding the length, compute M – n + 1 and with one more scan we can get the M – n+ 1th node from the beginning. This solution needs two sc
Answer: one for finding the length of the list and the other for finding M – n+ 1th node from the beginning. Time Complexity: Time for finding the length + Time for finding the M – n + 1th node from the beginning. Therefore, T(n) = O(n) + O(n) ≈ O(n). Space Complexity: O(1). Hence, no need to create the hash table. Problem-5  Can we solve Problem-2 in one scan? Solution: Yes. Efficient Approach: Use two pointers pNthNode and pTemp. Initially, both point to head node of the list. pNthNode starts moving only after pTemp has made n moves. From there both move forward until pTemp reaches the end of the list. As a result pNthNode points to nth node from the end of the linked list. Note: At any point of time both move one node at a time.

Question: X indicates a pop operation, and with the stack initially empty, formulate a rule to check whether a given string 5 of operations is admissible or not? Solution: Given a string of length 2n, we wish to check whether the given string of operations is permissible or not with respect to its functioning on a stack. The only restricted operation is pop whose prior requirement is that the stack should not be empty. So while traversing the string from left to right, prior to any pop the stack shouldn’t be empty, which means the number of S’s is always greater than or equal to that of X’s. Hence the condition is at any stage of processing of the string, the number of push operations (S) should be greater than the number of pop operations (X). Problem-21  Suppose there are two singly linked lists which intersect at some point and become a single linked list. The head or start pointers of both the lists are known, but the intersecting node is not known. Also, the number of nodes in each of the lists before they intersect are unknown and both lists may have a different number. List1 may have n nodes before it reaches the intersection point and List2 may have m nodes before it reaches the intersection point where m and n may be m = n,m < n or m > n. Can we find the merging point using stacks? Solution: Yes. For algorithm refer to Linked Lists chapter. Problem-22  Finding Sp
Answer: Given an array A, the span S[i] of A[i] is the maximum number of consecutive elements A[j] immediately preceding A[i] and such that A[j] < A[i]? Other way of asking: Given an array A of integers, find the maximum of j – i subjected to the constraint of A[i] < A[j]. Solution:

Question: X indicates a pop operation, and with the stack initially empty, formulate a rule to check whether a given string 5 of operations is admissible or not? Solution: Given a string of length 2n, we wish to check whether the given string of operations is permissible or not with respect to its functioning on a stack. The only restricted operation is pop whose prior requirement is that the stack should not be empty. So while traversing the string from left to right, prior to any pop the stack shouldn’t be empty, which means the number of S’s is always greater than or equal to that of X’s. Hence the condition is at any stage of processing of the string, the number of push operations (S) should be greater than the number of pop operations (X). Problem-21  Suppose there are two singly linked lists which intersect at some point and become a single linked list. The head or start pointers of both the lists are known, but the intersecting node is not known. Also, the number of nodes in each of the lists before they intersect are unknown and both lists may have a different number. List1 may have n nodes before it reaches the intersection point and List2 may have m nodes before it reaches the intersection point where m and n may be m = n,m < n or m > n. Can we find the merging point using stacks? Solution: Yes. For algorithm refer to Linked Lists chapter. Problem-22  Finding Sp
Answer: Given an array A, the span S[i] of A[i] is the maximum number of consecutive elements A[j] immediately preceding A[i] and such that A[j] < A[i]? Other way of asking: Given an array A of integers, find the maximum of j – i subjected to the constraint of A[i] < A[j]. Solution:

Question: X indicates a pop operation, and with the stack initially empty, formulate a rule to check whether a given string 5 of operations is admissible or not? Solution: Given a string of length 2n, we wish to check whether the given string of operations is permissible or not with respect to its functioning on a stack. The only restricted operation is pop whose prior requirement is that the stack should not be empty. So while traversing the string from left to right, prior to any pop the stack shouldn’t be empty, which means the number of S’s is always greater than or equal to that of X’s. Hence the condition is at any stage of processing of the string, the number of push operations (S) should be greater than the number of pop operations (X). Problem-21  Suppose there are two singly linked lists which intersect at some point and become a single linked list. The head or start pointers of both the lists are known, but the intersecting node is not known. Also, the number of nodes in each of the lists before they intersect are unknown and both lists may have a different number. List1 may have n nodes before it reaches the intersection point and List2 may have m nodes before it reaches the intersection point where m and n may be m = n,m < n or m > n. Can we find the merging point using stacks? Solution: Yes. For algorithm refer to Linked Lists chapter. Problem-22  Finding Sp
Answer: Given an array A, the span S[i] of A[i] is the maximum number of consecutive elements A[j] immediately preceding A[i] and such that A[j] < A[i]? Other way of asking: Given an array A of integers, find the maximum of j – i subjected to the constraint of A[i] < A[j]. Solution:

Question: X indicates a pop operation, and with the stack initially empty, formulate a rule to check whether a given string 5 of operations is admissible or not? Solution: Given a string of length 2n, we wish to check whether the given string of operations is permissible or not with respect to its functioning on a stack. The only restricted operation is pop whose prior requirement is that the stack should not be empty. So while traversing the string from left to right, prior to any pop the stack shouldn’t be empty, which means the number of S’s is always greater than or equal to that of X’s. Hence the condition is at any stage of processing of the string, the number of push operations (S) should be greater than the number of pop operations (X). Problem-21  Suppose there are two singly linked lists which intersect at some point and become a single linked list. The head or start pointers of both the lists are known, but the intersecting node is not known. Also, the number of nodes in each of the lists before they intersect are unknown and both lists may have a different number. List1 may have n nodes before it reaches the intersection point and List2 may have m nodes before it reaches the intersection point where m and n may be m = n,m < n or m > n. Can we find the merging point using stacks? Solution: Yes. For algorithm refer to Linked Lists chapter. Problem-22  Finding Sp
Answer: Given an array A, the span S[i] of A[i] is the maximum number of consecutive elements A[j] immediately preceding A[i] and such that A[j] < A[i]? Other way of asking: Given an array A of integers, find the maximum of j – i subjected to the constraint of A[i] < A[j]. Solution:","- Definition: A linked list is a linear data structure where each element is a separate object, known as a node. Each node contains two items: the data and a reference (or link) to the next node in the sequence.

- Explanation: A linked list is a dynamic collection of nodes, where each node points to the next node in the list. This structure allows for efficient insertion and deletion of nodes at any position in the list.

- Example: A simple example of a linked list is a list of integers, where each node contains an integer value and a reference to the next node in the list.

- Time Complexity: The time complexity of linked list operations depends on the specific operation. For example, inserting a node at the beginning of the list takes constant time (O(1)), while inserting a node at the end of the list takes linear time (O(n)).

- Space Complexity: The space complexity of a linked list is O(n), where n is the number of nodes in the list.

- Use Cases: Linked lists are commonly used in applications where data is frequently inserted or deleted, such as in database query results, browser history, or dynamic memory allocation.","{""sections"": [""General"", ""Stack""], ""pages"": [195, 124]}"
8,"Question: returning M- n + 1th key value from the hash table. Time Complexity: Time for creating the hash table, T(m) = O(m). Space Complexity: Since we need to create a hash table of size m, O(m). Problem-4  Can we use the Problem-3 approach for solving Problem-2 without creating the hash table? Solution: Yes. If we observe the Problem-3 solution, what we are actually doing is finding the size of the linked list. That means we are using the hash table to find the size of the linked list. We can find the length of the linked list just by starting at the head node and traversing the list. So, we can find the length of the list without creating the hash table. After finding the length, compute M – n + 1 and with one more scan we can get the M – n+ 1th node from the beginning. This solution needs two sc
Answer: one for finding the length of the list and the other for finding M – n+ 1th node from the beginning. Time Complexity: Time for finding the length + Time for finding the M – n + 1th node from the beginning. Therefore, T(n) = O(n) + O(n) ≈ O(n). Space Complexity: O(1). Hence, no need to create the hash table. Problem-5  Can we solve Problem-2 in one scan? Solution: Yes. Efficient Approach: Use two pointers pNthNode and pTemp. Initially, both point to head node of the list. pNthNode starts moving only after pTemp has made n moves. From there both move forward until pTemp reaches the end of the list. As a result pNthNode points to nth node from the end of the linked list. Note: At any point of time both move one node at a time.

Question: X indicates a pop operation, and with the stack initially empty, formulate a rule to check whether a given string 5 of operations is admissible or not? Solution: Given a string of length 2n, we wish to check whether the given string of operations is permissible or not with respect to its functioning on a stack. The only restricted operation is pop whose prior requirement is that the stack should not be empty. So while traversing the string from left to right, prior to any pop the stack shouldn’t be empty, which means the number of S’s is always greater than or equal to that of X’s. Hence the condition is at any stage of processing of the string, the number of push operations (S) should be greater than the number of pop operations (X). Problem-21  Suppose there are two singly linked lists which intersect at some point and become a single linked list. The head or start pointers of both the lists are known, but the intersecting node is not known. Also, the number of nodes in each of the lists before they intersect are unknown and both lists may have a different number. List1 may have n nodes before it reaches the intersection point and List2 may have m nodes before it reaches the intersection point where m and n may be m = n,m < n or m > n. Can we find the merging point using stacks? Solution: Yes. For algorithm refer to Linked Lists chapter. Problem-22  Finding Sp
Answer: Given an array A, the span S[i] of A[i] is the maximum number of consecutive elements A[j] immediately preceding A[i] and such that A[j] < A[i]? Other way of asking: Given an array A of integers, find the maximum of j – i subjected to the constraint of A[i] < A[j]. Solution:

Question: X indicates a pop operation, and with the stack initially empty, formulate a rule to check whether a given string 5 of operations is admissible or not? Solution: Given a string of length 2n, we wish to check whether the given string of operations is permissible or not with respect to its functioning on a stack. The only restricted operation is pop whose prior requirement is that the stack should not be empty. So while traversing the string from left to right, prior to any pop the stack shouldn’t be empty, which means the number of S’s is always greater than or equal to that of X’s. Hence the condition is at any stage of processing of the string, the number of push operations (S) should be greater than the number of pop operations (X). Problem-21  Suppose there are two singly linked lists which intersect at some point and become a single linked list. The head or start pointers of both the lists are known, but the intersecting node is not known. Also, the number of nodes in each of the lists before they intersect are unknown and both lists may have a different number. List1 may have n nodes before it reaches the intersection point and List2 may have m nodes before it reaches the intersection point where m and n may be m = n,m < n or m > n. Can we find the merging point using stacks? Solution: Yes. For algorithm refer to Linked Lists chapter. Problem-22  Finding Sp
Answer: Given an array A, the span S[i] of A[i] is the maximum number of consecutive elements A[j] immediately preceding A[i] and such that A[j] < A[i]? Other way of asking: Given an array A of integers, find the maximum of j – i subjected to the constraint of A[i] < A[j]. Solution:

Question: X indicates a pop operation, and with the stack initially empty, formulate a rule to check whether a given string 5 of operations is admissible or not? Solution: Given a string of length 2n, we wish to check whether the given string of operations is permissible or not with respect to its functioning on a stack. The only restricted operation is pop whose prior requirement is that the stack should not be empty. So while traversing the string from left to right, prior to any pop the stack shouldn’t be empty, which means the number of S’s is always greater than or equal to that of X’s. Hence the condition is at any stage of processing of the string, the number of push operations (S) should be greater than the number of pop operations (X). Problem-21  Suppose there are two singly linked lists which intersect at some point and become a single linked list. The head or start pointers of both the lists are known, but the intersecting node is not known. Also, the number of nodes in each of the lists before they intersect are unknown and both lists may have a different number. List1 may have n nodes before it reaches the intersection point and List2 may have m nodes before it reaches the intersection point where m and n may be m = n,m < n or m > n. Can we find the merging point using stacks? Solution: Yes. For algorithm refer to Linked Lists chapter. Problem-22  Finding Sp
Answer: Given an array A, the span S[i] of A[i] is the maximum number of consecutive elements A[j] immediately preceding A[i] and such that A[j] < A[i]? Other way of asking: Given an array A of integers, find the maximum of j – i subjected to the constraint of A[i] < A[j]. Solution:

Question: X indicates a pop operation, and with the stack initially empty, formulate a rule to check whether a given string 5 of operations is admissible or not? Solution: Given a string of length 2n, we wish to check whether the given string of operations is permissible or not with respect to its functioning on a stack. The only restricted operation is pop whose prior requirement is that the stack should not be empty. So while traversing the string from left to right, prior to any pop the stack shouldn’t be empty, which means the number of S’s is always greater than or equal to that of X’s. Hence the condition is at any stage of processing of the string, the number of push operations (S) should be greater than the number of pop operations (X). Problem-21  Suppose there are two singly linked lists which intersect at some point and become a single linked list. The head or start pointers of both the lists are known, but the intersecting node is not known. Also, the number of nodes in each of the lists before they intersect are unknown and both lists may have a different number. List1 may have n nodes before it reaches the intersection point and List2 may have m nodes before it reaches the intersection point where m and n may be m = n,m < n or m > n. Can we find the merging point using stacks? Solution: Yes. For algorithm refer to Linked Lists chapter. Problem-22  Finding Sp
Answer: Given an array A, the span S[i] of A[i] is the maximum number of consecutive elements A[j] immediately preceding A[i] and such that A[j] < A[i]? Other way of asking: Given an array A of integers, find the maximum of j – i subjected to the constraint of A[i] < A[j]. Solution:","- Definition: A linked list is a linear data structure where each element is a separate object, known as a node. Each node contains two items: the data and a reference (or link) to the next node in the sequence.

- Explanation: Linked lists are a fundamental data structure in computer science. They are used to store a collection of elements, where each element is a separate object, known as a node. Each node contains two items: the data and a reference (or link) to the next node in the sequence. This structure allows for efficient insertion and deletion of nodes at any position in the list.

- Example: A simple example of a linked list is a list of integers, where each node contains an integer value and a reference to the next node in the list.

- Time Complexity: The time complexity of linked lists depends on the operation being performed. For example, inserting a node at the beginning of the list takes constant time, O(1), while inserting a node at the end of the list takes linear time, O(n), where n is the number of nodes in the list.

- Space Complexity: The space complexity of linked lists is O(n), where n is the number of nodes in the list, since each node requires a separate block of memory.

- Use Cases: Linked lists are used in a wide range of applications, including:
  * Dynamic memory allocation
  * Database query optimization
  * Browser history management
  * Undo/redo functionality in text editors
  * Implementing stacks and queues

Types of Linked Lists:
1. Singly Linked List: A singly linked list is a type of linked list where each node only contains a reference to the next node in the sequence.
2. Doubly Linked List: A doubly linked list is a type of linked list where each node contains references to both the next and previous nodes in the sequence.
3. Circularly Linked List: A circularly linked list is a type of linked list where","{""sections"": [""General"", ""Stack""], ""pages"": [195, 124]}"
9,,Not found in the provided textbook.,"{""sections"": [], ""pages"": []}"
10,,Not found in the provided textbook.,"{""sections"": [], ""pages"": []}"
11,"Question: X indicates a pop operation, and with the stack initially empty, formulate a rule to check whether a given string 5 of operations is admissible or not? Solution: Given a string of length 2n, we wish to check whether the given string of operations is permissible or not with respect to its functioning on a stack. The only restricted operation is pop whose prior requirement is that the stack should not be empty. So while traversing the string from left to right, prior to any pop the stack shouldn’t be empty, which means the number of S’s is always greater than or equal to that of X’s. Hence the condition is at any stage of processing of the string, the number of push operations (S) should be greater than the number of pop operations (X). Problem-21  Suppose there are two singly linked lists which intersect at some point and become a single linked list. The head or start pointers of both the lists are known, but the intersecting node is not known. Also, the number of nodes in each of the lists before they intersect are unknown and both lists may have a different number. List1 may have n nodes before it reaches the intersection point and List2 may have m nodes before it reaches the intersection point where m and n may be m = n,m < n or m > n. Can we find the merging point using stacks? Solution: Yes. For algorithm refer to Linked Lists chapter. Problem-22  Finding Sp
Answer: Given an array A, the span S[i] of A[i] is the maximum number of consecutive elements A[j] immediately preceding A[i] and such that A[j] < A[i]? Other way of asking: Given an array A of integers, find the maximum of j – i subjected to the constraint of A[i] < A[j]. Solution:

Question: returning M- n + 1th key value from the hash table. Time Complexity: Time for creating the hash table, T(m) = O(m). Space Complexity: Since we need to create a hash table of size m, O(m). Problem-4  Can we use the Problem-3 approach for solving Problem-2 without creating the hash table? Solution: Yes. If we observe the Problem-3 solution, what we are actually doing is finding the size of the linked list. That means we are using the hash table to find the size of the linked list. We can find the length of the linked list just by starting at the head node and traversing the list. So, we can find the length of the list without creating the hash table. After finding the length, compute M – n + 1 and with one more scan we can get the M – n+ 1th node from the beginning. This solution needs two sc
Answer: one for finding the length of the list and the other for finding M – n+ 1th node from the beginning. Time Complexity: Time for finding the length + Time for finding the M – n + 1th node from the beginning. Therefore, T(n) = O(n) + O(n) ≈ O(n). Space Complexity: O(1). Hence, no need to create the hash table. Problem-5  Can we solve Problem-2 in one scan? Solution: Yes. Efficient Approach: Use two pointers pNthNode and pTemp. Initially, both point to head node of the list. pNthNode starts moving only after pTemp has made n moves. From there both move forward until pTemp reaches the end of the list. As a result pNthNode points to nth node from the end of the linked list. Note: At any point of time both move one node at a time.

Question: X indicates a pop operation, and with the stack initially empty, formulate a rule to check whether a given string 5 of operations is admissible or not? Solution: Given a string of length 2n, we wish to check whether the given string of operations is permissible or not with respect to its functioning on a stack. The only restricted operation is pop whose prior requirement is that the stack should not be empty. So while traversing the string from left to right, prior to any pop the stack shouldn’t be empty, which means the number of S’s is always greater than or equal to that of X’s. Hence the condition is at any stage of processing of the string, the number of push operations (S) should be greater than the number of pop operations (X). Problem-21  Suppose there are two singly linked lists which intersect at some point and become a single linked list. The head or start pointers of both the lists are known, but the intersecting node is not known. Also, the number of nodes in each of the lists before they intersect are unknown and both lists may have a different number. List1 may have n nodes before it reaches the intersection point and List2 may have m nodes before it reaches the intersection point where m and n may be m = n,m < n or m > n. Can we find the merging point using stacks? Solution: Yes. For algorithm refer to Linked Lists chapter. Problem-22  Finding Sp
Answer: Given an array A, the span S[i] of A[i] is the maximum number of consecutive elements A[j] immediately preceding A[i] and such that A[j] < A[i]? Other way of asking: Given an array A of integers, find the maximum of j – i subjected to the constraint of A[i] < A[j]. Solution:

Question: X indicates a pop operation, and with the stack initially empty, formulate a rule to check whether a given string 5 of operations is admissible or not? Solution: Given a string of length 2n, we wish to check whether the given string of operations is permissible or not with respect to its functioning on a stack. The only restricted operation is pop whose prior requirement is that the stack should not be empty. So while traversing the string from left to right, prior to any pop the stack shouldn’t be empty, which means the number of S’s is always greater than or equal to that of X’s. Hence the condition is at any stage of processing of the string, the number of push operations (S) should be greater than the number of pop operations (X). Problem-21  Suppose there are two singly linked lists which intersect at some point and become a single linked list. The head or start pointers of both the lists are known, but the intersecting node is not known. Also, the number of nodes in each of the lists before they intersect are unknown and both lists may have a different number. List1 may have n nodes before it reaches the intersection point and List2 may have m nodes before it reaches the intersection point where m and n may be m = n,m < n or m > n. Can we find the merging point using stacks? Solution: Yes. For algorithm refer to Linked Lists chapter. Problem-22  Finding Sp
Answer: Given an array A, the span S[i] of A[i] is the maximum number of consecutive elements A[j] immediately preceding A[i] and such that A[j] < A[i]? Other way of asking: Given an array A of integers, find the maximum of j – i subjected to the constraint of A[i] < A[j]. Solution:

Question: X indicates a pop operation, and with the stack initially empty, formulate a rule to check whether a given string 5 of operations is admissible or not? Solution: Given a string of length 2n, we wish to check whether the given string of operations is permissible or not with respect to its functioning on a stack. The only restricted operation is pop whose prior requirement is that the stack should not be empty. So while traversing the string from left to right, prior to any pop the stack shouldn’t be empty, which means the number of S’s is always greater than or equal to that of X’s. Hence the condition is at any stage of processing of the string, the number of push operations (S) should be greater than the number of pop operations (X). Problem-21  Suppose there are two singly linked lists which intersect at some point and become a single linked list. The head or start pointers of both the lists are known, but the intersecting node is not known. Also, the number of nodes in each of the lists before they intersect are unknown and both lists may have a different number. List1 may have n nodes before it reaches the intersection point and List2 may have m nodes before it reaches the intersection point where m and n may be m = n,m < n or m > n. Can we find the merging point using stacks? Solution: Yes. For algorithm refer to Linked Lists chapter. Problem-22  Finding Sp
Answer: Given an array A, the span S[i] of A[i] is the maximum number of consecutive elements A[j] immediately preceding A[i] and such that A[j] < A[i]? Other way of asking: Given an array A of integers, find the maximum of j – i subjected to the constraint of A[i] < A[j]. Solution:","- Definition: A stack is a linear data structure that follows the Last-In-First-Out (LIFO) principle, meaning the last element added to the stack will be the first one to be removed.

- Explanation: A stack can be thought of as a vertical pile of plates. When a new plate is added, it is placed on top of the existing plates. When a plate is removed, it is taken from the top of the pile. This is similar to how a stack works, where elements are added and removed from the top of the stack.

- Example: Consider a stack of plates. Initially, the stack is empty. We add plates one by one, and each plate is placed on top of the previous one. When we want to remove a plate, we take the topmost plate from the stack.

- Time Complexity: The time complexity of stack operations (push, pop, peek) is O(1), as they are performed in constant time.

- Space Complexity: The space complexity of a stack is O(n), where n is the number of elements in the stack.

- Use Cases: Stacks are used in various applications, such as:
  * Evaluating postfix expressions
  * Implementing recursive algorithms
  * Parsing syntax in compilers
  * Managing function calls in programming languages
  * Implementing undo/redo functionality in text editors","{""sections"": [""General"", ""Stack""], ""pages"": [195, 124]}"
12,"Question: X indicates a pop operation, and with the stack initially empty, formulate a rule to check whether a given string 5 of operations is admissible or not? Solution: Given a string of length 2n, we wish to check whether the given string of operations is permissible or not with respect to its functioning on a stack. The only restricted operation is pop whose prior requirement is that the stack should not be empty. So while traversing the string from left to right, prior to any pop the stack shouldn’t be empty, which means the number of S’s is always greater than or equal to that of X’s. Hence the condition is at any stage of processing of the string, the number of push operations (S) should be greater than the number of pop operations (X). Problem-21  Suppose there are two singly linked lists which intersect at some point and become a single linked list. The head or start pointers of both the lists are known, but the intersecting node is not known. Also, the number of nodes in each of the lists before they intersect are unknown and both lists may have a different number. List1 may have n nodes before it reaches the intersection point and List2 may have m nodes before it reaches the intersection point where m and n may be m = n,m < n or m > n. Can we find the merging point using stacks? Solution: Yes. For algorithm refer to Linked Lists chapter. Problem-22  Finding Sp
Answer: Given an array A, the span S[i] of A[i] is the maximum number of consecutive elements A[j] immediately preceding A[i] and such that A[j] < A[i]? Other way of asking: Given an array A of integers, find the maximum of j – i subjected to the constraint of A[i] < A[j]. Solution:

Question: returning M- n + 1th key value from the hash table. Time Complexity: Time for creating the hash table, T(m) = O(m). Space Complexity: Since we need to create a hash table of size m, O(m). Problem-4  Can we use the Problem-3 approach for solving Problem-2 without creating the hash table? Solution: Yes. If we observe the Problem-3 solution, what we are actually doing is finding the size of the linked list. That means we are using the hash table to find the size of the linked list. We can find the length of the linked list just by starting at the head node and traversing the list. So, we can find the length of the list without creating the hash table. After finding the length, compute M – n + 1 and with one more scan we can get the M – n+ 1th node from the beginning. This solution needs two sc
Answer: one for finding the length of the list and the other for finding M – n+ 1th node from the beginning. Time Complexity: Time for finding the length + Time for finding the M – n + 1th node from the beginning. Therefore, T(n) = O(n) + O(n) ≈ O(n). Space Complexity: O(1). Hence, no need to create the hash table. Problem-5  Can we solve Problem-2 in one scan? Solution: Yes. Efficient Approach: Use two pointers pNthNode and pTemp. Initially, both point to head node of the list. pNthNode starts moving only after pTemp has made n moves. From there both move forward until pTemp reaches the end of the list. As a result pNthNode points to nth node from the end of the linked list. Note: At any point of time both move one node at a time.

Question: X indicates a pop operation, and with the stack initially empty, formulate a rule to check whether a given string 5 of operations is admissible or not? Solution: Given a string of length 2n, we wish to check whether the given string of operations is permissible or not with respect to its functioning on a stack. The only restricted operation is pop whose prior requirement is that the stack should not be empty. So while traversing the string from left to right, prior to any pop the stack shouldn’t be empty, which means the number of S’s is always greater than or equal to that of X’s. Hence the condition is at any stage of processing of the string, the number of push operations (S) should be greater than the number of pop operations (X). Problem-21  Suppose there are two singly linked lists which intersect at some point and become a single linked list. The head or start pointers of both the lists are known, but the intersecting node is not known. Also, the number of nodes in each of the lists before they intersect are unknown and both lists may have a different number. List1 may have n nodes before it reaches the intersection point and List2 may have m nodes before it reaches the intersection point where m and n may be m = n,m < n or m > n. Can we find the merging point using stacks? Solution: Yes. For algorithm refer to Linked Lists chapter. Problem-22  Finding Sp
Answer: Given an array A, the span S[i] of A[i] is the maximum number of consecutive elements A[j] immediately preceding A[i] and such that A[j] < A[i]? Other way of asking: Given an array A of integers, find the maximum of j – i subjected to the constraint of A[i] < A[j]. Solution:

Question: X indicates a pop operation, and with the stack initially empty, formulate a rule to check whether a given string 5 of operations is admissible or not? Solution: Given a string of length 2n, we wish to check whether the given string of operations is permissible or not with respect to its functioning on a stack. The only restricted operation is pop whose prior requirement is that the stack should not be empty. So while traversing the string from left to right, prior to any pop the stack shouldn’t be empty, which means the number of S’s is always greater than or equal to that of X’s. Hence the condition is at any stage of processing of the string, the number of push operations (S) should be greater than the number of pop operations (X). Problem-21  Suppose there are two singly linked lists which intersect at some point and become a single linked list. The head or start pointers of both the lists are known, but the intersecting node is not known. Also, the number of nodes in each of the lists before they intersect are unknown and both lists may have a different number. List1 may have n nodes before it reaches the intersection point and List2 may have m nodes before it reaches the intersection point where m and n may be m = n,m < n or m > n. Can we find the merging point using stacks? Solution: Yes. For algorithm refer to Linked Lists chapter. Problem-22  Finding Sp
Answer: Given an array A, the span S[i] of A[i] is the maximum number of consecutive elements A[j] immediately preceding A[i] and such that A[j] < A[i]? Other way of asking: Given an array A of integers, find the maximum of j – i subjected to the constraint of A[i] < A[j]. Solution:

Question: X indicates a pop operation, and with the stack initially empty, formulate a rule to check whether a given string 5 of operations is admissible or not? Solution: Given a string of length 2n, we wish to check whether the given string of operations is permissible or not with respect to its functioning on a stack. The only restricted operation is pop whose prior requirement is that the stack should not be empty. So while traversing the string from left to right, prior to any pop the stack shouldn’t be empty, which means the number of S’s is always greater than or equal to that of X’s. Hence the condition is at any stage of processing of the string, the number of push operations (S) should be greater than the number of pop operations (X). Problem-21  Suppose there are two singly linked lists which intersect at some point and become a single linked list. The head or start pointers of both the lists are known, but the intersecting node is not known. Also, the number of nodes in each of the lists before they intersect are unknown and both lists may have a different number. List1 may have n nodes before it reaches the intersection point and List2 may have m nodes before it reaches the intersection point where m and n may be m = n,m < n or m > n. Can we find the merging point using stacks? Solution: Yes. For algorithm refer to Linked Lists chapter. Problem-22  Finding Sp
Answer: Given an array A, the span S[i] of A[i] is the maximum number of consecutive elements A[j] immediately preceding A[i] and such that A[j] < A[i]? Other way of asking: Given an array A of integers, find the maximum of j – i subjected to the constraint of A[i] < A[j]. Solution:","- **Definition**: A stack is a linear data structure that follows the Last-In-First-Out (LIFO) principle, where the last element added to the stack is the first one to be removed. Stack operations include push (add an element to the top of the stack), pop (remove an element from the top of the stack), and peek (view the top element without removing it).

- **Explanation**: Stack operations are used to manipulate the elements in a stack. The push operation adds an element to the top of the stack, while the pop operation removes an element from the top of the stack. The peek operation allows us to view the top element without removing it.

- **Example**: Suppose we have a stack with the elements [1, 2, 3]. If we push the element 4 onto the stack, the new stack will be [1, 2, 3, 4]. If we then pop an element from the stack, the element 4 will be removed, and the stack will be [1, 2, 3].

- **Time Complexity**: The time complexity of stack operations is as follows:
  - Push: O(1)
  - Pop: O(1)
  - Peek: O(1)

- **Space Complexity**: The space complexity of a stack is O(n), where n is the number of elements in the stack.

- **Use Cases**: Stacks are used in a variety of applications, including:
  - Evaluating postfix expressions
  - Implementing recursive algorithms
  - Parsing syntax in compilers
  - Managing function calls in programming languages","{""sections"": [""General"", ""Stack""], ""pages"": [195, 124]}"
13,"Question: X indicates a pop operation, and with the stack initially empty, formulate a rule to check whether a given string 5 of operations is admissible or not? Solution: Given a string of length 2n, we wish to check whether the given string of operations is permissible or not with respect to its functioning on a stack. The only restricted operation is pop whose prior requirement is that the stack should not be empty. So while traversing the string from left to right, prior to any pop the stack shouldn’t be empty, which means the number of S’s is always greater than or equal to that of X’s. Hence the condition is at any stage of processing of the string, the number of push operations (S) should be greater than the number of pop operations (X). Problem-21  Suppose there are two singly linked lists which intersect at some point and become a single linked list. The head or start pointers of both the lists are known, but the intersecting node is not known. Also, the number of nodes in each of the lists before they intersect are unknown and both lists may have a different number. List1 may have n nodes before it reaches the intersection point and List2 may have m nodes before it reaches the intersection point where m and n may be m = n,m < n or m > n. Can we find the merging point using stacks? Solution: Yes. For algorithm refer to Linked Lists chapter. Problem-22  Finding Sp
Answer: Given an array A, the span S[i] of A[i] is the maximum number of consecutive elements A[j] immediately preceding A[i] and such that A[j] < A[i]? Other way of asking: Given an array A of integers, find the maximum of j – i subjected to the constraint of A[i] < A[j]. Solution:

Question: returning M- n + 1th key value from the hash table. Time Complexity: Time for creating the hash table, T(m) = O(m). Space Complexity: Since we need to create a hash table of size m, O(m). Problem-4  Can we use the Problem-3 approach for solving Problem-2 without creating the hash table? Solution: Yes. If we observe the Problem-3 solution, what we are actually doing is finding the size of the linked list. That means we are using the hash table to find the size of the linked list. We can find the length of the linked list just by starting at the head node and traversing the list. So, we can find the length of the list without creating the hash table. After finding the length, compute M – n + 1 and with one more scan we can get the M – n+ 1th node from the beginning. This solution needs two sc
Answer: one for finding the length of the list and the other for finding M – n+ 1th node from the beginning. Time Complexity: Time for finding the length + Time for finding the M – n + 1th node from the beginning. Therefore, T(n) = O(n) + O(n) ≈ O(n). Space Complexity: O(1). Hence, no need to create the hash table. Problem-5  Can we solve Problem-2 in one scan? Solution: Yes. Efficient Approach: Use two pointers pNthNode and pTemp. Initially, both point to head node of the list. pNthNode starts moving only after pTemp has made n moves. From there both move forward until pTemp reaches the end of the list. As a result pNthNode points to nth node from the end of the linked list. Note: At any point of time both move one node at a time.

Question: X indicates a pop operation, and with the stack initially empty, formulate a rule to check whether a given string 5 of operations is admissible or not? Solution: Given a string of length 2n, we wish to check whether the given string of operations is permissible or not with respect to its functioning on a stack. The only restricted operation is pop whose prior requirement is that the stack should not be empty. So while traversing the string from left to right, prior to any pop the stack shouldn’t be empty, which means the number of S’s is always greater than or equal to that of X’s. Hence the condition is at any stage of processing of the string, the number of push operations (S) should be greater than the number of pop operations (X). Problem-21  Suppose there are two singly linked lists which intersect at some point and become a single linked list. The head or start pointers of both the lists are known, but the intersecting node is not known. Also, the number of nodes in each of the lists before they intersect are unknown and both lists may have a different number. List1 may have n nodes before it reaches the intersection point and List2 may have m nodes before it reaches the intersection point where m and n may be m = n,m < n or m > n. Can we find the merging point using stacks? Solution: Yes. For algorithm refer to Linked Lists chapter. Problem-22  Finding Sp
Answer: Given an array A, the span S[i] of A[i] is the maximum number of consecutive elements A[j] immediately preceding A[i] and such that A[j] < A[i]? Other way of asking: Given an array A of integers, find the maximum of j – i subjected to the constraint of A[i] < A[j]. Solution:

Question: X indicates a pop operation, and with the stack initially empty, formulate a rule to check whether a given string 5 of operations is admissible or not? Solution: Given a string of length 2n, we wish to check whether the given string of operations is permissible or not with respect to its functioning on a stack. The only restricted operation is pop whose prior requirement is that the stack should not be empty. So while traversing the string from left to right, prior to any pop the stack shouldn’t be empty, which means the number of S’s is always greater than or equal to that of X’s. Hence the condition is at any stage of processing of the string, the number of push operations (S) should be greater than the number of pop operations (X). Problem-21  Suppose there are two singly linked lists which intersect at some point and become a single linked list. The head or start pointers of both the lists are known, but the intersecting node is not known. Also, the number of nodes in each of the lists before they intersect are unknown and both lists may have a different number. List1 may have n nodes before it reaches the intersection point and List2 may have m nodes before it reaches the intersection point where m and n may be m = n,m < n or m > n. Can we find the merging point using stacks? Solution: Yes. For algorithm refer to Linked Lists chapter. Problem-22  Finding Sp
Answer: Given an array A, the span S[i] of A[i] is the maximum number of consecutive elements A[j] immediately preceding A[i] and such that A[j] < A[i]? Other way of asking: Given an array A of integers, find the maximum of j – i subjected to the constraint of A[i] < A[j]. Solution:

Question: X indicates a pop operation, and with the stack initially empty, formulate a rule to check whether a given string 5 of operations is admissible or not? Solution: Given a string of length 2n, we wish to check whether the given string of operations is permissible or not with respect to its functioning on a stack. The only restricted operation is pop whose prior requirement is that the stack should not be empty. So while traversing the string from left to right, prior to any pop the stack shouldn’t be empty, which means the number of S’s is always greater than or equal to that of X’s. Hence the condition is at any stage of processing of the string, the number of push operations (S) should be greater than the number of pop operations (X). Problem-21  Suppose there are two singly linked lists which intersect at some point and become a single linked list. The head or start pointers of both the lists are known, but the intersecting node is not known. Also, the number of nodes in each of the lists before they intersect are unknown and both lists may have a different number. List1 may have n nodes before it reaches the intersection point and List2 may have m nodes before it reaches the intersection point where m and n may be m = n,m < n or m > n. Can we find the merging point using stacks? Solution: Yes. For algorithm refer to Linked Lists chapter. Problem-22  Finding Sp
Answer: Given an array A, the span S[i] of A[i] is the maximum number of consecutive elements A[j] immediately preceding A[i] and such that A[j] < A[i]? Other way of asking: Given an array A of integers, find the maximum of j – i subjected to the constraint of A[i] < A[j]. Solution:","- **Definition**: Stack overflow and underflow are two types of errors that can occur when using a stack data structure. A stack overflow occurs when the stack is full and an attempt is made to push another element onto it. A stack underflow occurs when the stack is empty and an attempt is made to pop an element from it.

- **Explanation**: In a stack, elements are added and removed from the top of the stack. When the stack is full, there is no more space to add new elements, and attempting to do so results in a stack overflow. Similarly, when the stack is empty, there are no elements to remove, and attempting to do so results in a stack underflow.

- **Example**: Consider a stack with a maximum capacity of 5 elements. If we try to push a 6th element onto the stack, it will result in a stack overflow. Similarly, if we try to pop an element from an empty stack, it will result in a stack underflow.

- **Time Complexity**: Not applicable, as stack overflow and underflow are errors that occur due to incorrect usage of the stack data structure, rather than a specific algorithm or operation.

- **Space Complexity**: Not applicable, as stack overflow and underflow are errors that occur due to incorrect usage of the stack data structure, rather than a specific algorithm or operation.

- **Use Cases**: Understanding stack overflow and underflow is important when working with stacks, as it can help prevent errors and ensure that the stack is used correctly. This knowledge can be applied in a variety of scenarios, such as implementing stack-based algorithms, debugging stack-related issues, and optimizing stack usage in resource-constrained environments.","{""sections"": [""General"", ""Stack""], ""pages"": [195, 124]}"
14,"Question: X indicates a pop operation, and with the stack initially empty, formulate a rule to check whether a given string 5 of operations is admissible or not? Solution: Given a string of length 2n, we wish to check whether the given string of operations is permissible or not with respect to its functioning on a stack. The only restricted operation is pop whose prior requirement is that the stack should not be empty. So while traversing the string from left to right, prior to any pop the stack shouldn’t be empty, which means the number of S’s is always greater than or equal to that of X’s. Hence the condition is at any stage of processing of the string, the number of push operations (S) should be greater than the number of pop operations (X). Problem-21  Suppose there are two singly linked lists which intersect at some point and become a single linked list. The head or start pointers of both the lists are known, but the intersecting node is not known. Also, the number of nodes in each of the lists before they intersect are unknown and both lists may have a different number. List1 may have n nodes before it reaches the intersection point and List2 may have m nodes before it reaches the intersection point where m and n may be m = n,m < n or m > n. Can we find the merging point using stacks? Solution: Yes. For algorithm refer to Linked Lists chapter. Problem-22  Finding Sp
Answer: Given an array A, the span S[i] of A[i] is the maximum number of consecutive elements A[j] immediately preceding A[i] and such that A[j] < A[i]? Other way of asking: Given an array A of integers, find the maximum of j – i subjected to the constraint of A[i] < A[j]. Solution:

Question: returning M- n + 1th key value from the hash table. Time Complexity: Time for creating the hash table, T(m) = O(m). Space Complexity: Since we need to create a hash table of size m, O(m). Problem-4  Can we use the Problem-3 approach for solving Problem-2 without creating the hash table? Solution: Yes. If we observe the Problem-3 solution, what we are actually doing is finding the size of the linked list. That means we are using the hash table to find the size of the linked list. We can find the length of the linked list just by starting at the head node and traversing the list. So, we can find the length of the list without creating the hash table. After finding the length, compute M – n + 1 and with one more scan we can get the M – n+ 1th node from the beginning. This solution needs two sc
Answer: one for finding the length of the list and the other for finding M – n+ 1th node from the beginning. Time Complexity: Time for finding the length + Time for finding the M – n + 1th node from the beginning. Therefore, T(n) = O(n) + O(n) ≈ O(n). Space Complexity: O(1). Hence, no need to create the hash table. Problem-5  Can we solve Problem-2 in one scan? Solution: Yes. Efficient Approach: Use two pointers pNthNode and pTemp. Initially, both point to head node of the list. pNthNode starts moving only after pTemp has made n moves. From there both move forward until pTemp reaches the end of the list. As a result pNthNode points to nth node from the end of the linked list. Note: At any point of time both move one node at a time.

Question: X indicates a pop operation, and with the stack initially empty, formulate a rule to check whether a given string 5 of operations is admissible or not? Solution: Given a string of length 2n, we wish to check whether the given string of operations is permissible or not with respect to its functioning on a stack. The only restricted operation is pop whose prior requirement is that the stack should not be empty. So while traversing the string from left to right, prior to any pop the stack shouldn’t be empty, which means the number of S’s is always greater than or equal to that of X’s. Hence the condition is at any stage of processing of the string, the number of push operations (S) should be greater than the number of pop operations (X). Problem-21  Suppose there are two singly linked lists which intersect at some point and become a single linked list. The head or start pointers of both the lists are known, but the intersecting node is not known. Also, the number of nodes in each of the lists before they intersect are unknown and both lists may have a different number. List1 may have n nodes before it reaches the intersection point and List2 may have m nodes before it reaches the intersection point where m and n may be m = n,m < n or m > n. Can we find the merging point using stacks? Solution: Yes. For algorithm refer to Linked Lists chapter. Problem-22  Finding Sp
Answer: Given an array A, the span S[i] of A[i] is the maximum number of consecutive elements A[j] immediately preceding A[i] and such that A[j] < A[i]? Other way of asking: Given an array A of integers, find the maximum of j – i subjected to the constraint of A[i] < A[j]. Solution:

Question: X indicates a pop operation, and with the stack initially empty, formulate a rule to check whether a given string 5 of operations is admissible or not? Solution: Given a string of length 2n, we wish to check whether the given string of operations is permissible or not with respect to its functioning on a stack. The only restricted operation is pop whose prior requirement is that the stack should not be empty. So while traversing the string from left to right, prior to any pop the stack shouldn’t be empty, which means the number of S’s is always greater than or equal to that of X’s. Hence the condition is at any stage of processing of the string, the number of push operations (S) should be greater than the number of pop operations (X). Problem-21  Suppose there are two singly linked lists which intersect at some point and become a single linked list. The head or start pointers of both the lists are known, but the intersecting node is not known. Also, the number of nodes in each of the lists before they intersect are unknown and both lists may have a different number. List1 may have n nodes before it reaches the intersection point and List2 may have m nodes before it reaches the intersection point where m and n may be m = n,m < n or m > n. Can we find the merging point using stacks? Solution: Yes. For algorithm refer to Linked Lists chapter. Problem-22  Finding Sp
Answer: Given an array A, the span S[i] of A[i] is the maximum number of consecutive elements A[j] immediately preceding A[i] and such that A[j] < A[i]? Other way of asking: Given an array A of integers, find the maximum of j – i subjected to the constraint of A[i] < A[j]. Solution:

Question: X indicates a pop operation, and with the stack initially empty, formulate a rule to check whether a given string 5 of operations is admissible or not? Solution: Given a string of length 2n, we wish to check whether the given string of operations is permissible or not with respect to its functioning on a stack. The only restricted operation is pop whose prior requirement is that the stack should not be empty. So while traversing the string from left to right, prior to any pop the stack shouldn’t be empty, which means the number of S’s is always greater than or equal to that of X’s. Hence the condition is at any stage of processing of the string, the number of push operations (S) should be greater than the number of pop operations (X). Problem-21  Suppose there are two singly linked lists which intersect at some point and become a single linked list. The head or start pointers of both the lists are known, but the intersecting node is not known. Also, the number of nodes in each of the lists before they intersect are unknown and both lists may have a different number. List1 may have n nodes before it reaches the intersection point and List2 may have m nodes before it reaches the intersection point where m and n may be m = n,m < n or m > n. Can we find the merging point using stacks? Solution: Yes. For algorithm refer to Linked Lists chapter. Problem-22  Finding Sp
Answer: Given an array A, the span S[i] of A[i] is the maximum number of consecutive elements A[j] immediately preceding A[i] and such that A[j] < A[i]? Other way of asking: Given an array A of integers, find the maximum of j – i subjected to the constraint of A[i] < A[j]. Solution:","- **Definition**: A stack is a linear data structure that follows the Last-In-First-Out (LIFO) principle, meaning the last element added to the stack will be the first one to be removed.

- **Explanation**: A stack can be used to solve various problems, such as parsing expressions, evaluating postfix notation, and implementing recursive algorithms. It can also be used to manage function calls and returns in a program.

- **Example**: A stack can be used to check whether a given string of operations is admissible or not. For instance, given a string of length 2n, we can check whether the string is permissible or not with respect to its functioning on a stack by ensuring that the number of push operations (S) is always greater than or equal to the number of pop operations (X).

- **Time Complexity**: The time complexity of stack operations such as push and pop is O(1), making it an efficient data structure for many applications.

- **Space Complexity**: The space complexity of a stack is O(n), where n is the number of elements in the stack.

- **Use Cases**: Stacks have various applications, including:
  1. **Evaluating postfix notation**: Stacks can be used to evaluate postfix expressions by parsing the expression from left to right and using the stack to store operands.
  2. **Implementing recursive algorithms**: Stacks can be used to implement recursive algorithms by storing the function calls and returns in a stack.
  3. **Managing function calls and returns**: Stacks can be used to manage function calls and returns in a program by storing the function calls and returns in a stack.
  4. **Parsing expressions**: Stacks can be used to parse expressions by storing the operands and operators in a stack.
  5. **Checking admissible strings**: Stacks can be used to check whether a given string of operations is admissible or not by ensuring that the number of push operations is always","{""sections"": [""General"", ""Stack""], ""pages"": [195, 124]}"
15,"Question: X indicates a pop operation, and with the stack initially empty, formulate a rule to check whether a given string 5 of operations is admissible or not? Solution: Given a string of length 2n, we wish to check whether the given string of operations is permissible or not with respect to its functioning on a stack. The only restricted operation is pop whose prior requirement is that the stack should not be empty. So while traversing the string from left to right, prior to any pop the stack shouldn’t be empty, which means the number of S’s is always greater than or equal to that of X’s. Hence the condition is at any stage of processing of the string, the number of push operations (S) should be greater than the number of pop operations (X). Problem-21  Suppose there are two singly linked lists which intersect at some point and become a single linked list. The head or start pointers of both the lists are known, but the intersecting node is not known. Also, the number of nodes in each of the lists before they intersect are unknown and both lists may have a different number. List1 may have n nodes before it reaches the intersection point and List2 may have m nodes before it reaches the intersection point where m and n may be m = n,m < n or m > n. Can we find the merging point using stacks? Solution: Yes. For algorithm refer to Linked Lists chapter. Problem-22  Finding Sp
Answer: Given an array A, the span S[i] of A[i] is the maximum number of consecutive elements A[j] immediately preceding A[i] and such that A[j] < A[i]? Other way of asking: Given an array A of integers, find the maximum of j – i subjected to the constraint of A[i] < A[j]. Solution:

Question: returning M- n + 1th key value from the hash table. Time Complexity: Time for creating the hash table, T(m) = O(m). Space Complexity: Since we need to create a hash table of size m, O(m). Problem-4  Can we use the Problem-3 approach for solving Problem-2 without creating the hash table? Solution: Yes. If we observe the Problem-3 solution, what we are actually doing is finding the size of the linked list. That means we are using the hash table to find the size of the linked list. We can find the length of the linked list just by starting at the head node and traversing the list. So, we can find the length of the list without creating the hash table. After finding the length, compute M – n + 1 and with one more scan we can get the M – n+ 1th node from the beginning. This solution needs two sc
Answer: one for finding the length of the list and the other for finding M – n+ 1th node from the beginning. Time Complexity: Time for finding the length + Time for finding the M – n + 1th node from the beginning. Therefore, T(n) = O(n) + O(n) ≈ O(n). Space Complexity: O(1). Hence, no need to create the hash table. Problem-5  Can we solve Problem-2 in one scan? Solution: Yes. Efficient Approach: Use two pointers pNthNode and pTemp. Initially, both point to head node of the list. pNthNode starts moving only after pTemp has made n moves. From there both move forward until pTemp reaches the end of the list. As a result pNthNode points to nth node from the end of the linked list. Note: At any point of time both move one node at a time.

Question: X indicates a pop operation, and with the stack initially empty, formulate a rule to check whether a given string 5 of operations is admissible or not? Solution: Given a string of length 2n, we wish to check whether the given string of operations is permissible or not with respect to its functioning on a stack. The only restricted operation is pop whose prior requirement is that the stack should not be empty. So while traversing the string from left to right, prior to any pop the stack shouldn’t be empty, which means the number of S’s is always greater than or equal to that of X’s. Hence the condition is at any stage of processing of the string, the number of push operations (S) should be greater than the number of pop operations (X). Problem-21  Suppose there are two singly linked lists which intersect at some point and become a single linked list. The head or start pointers of both the lists are known, but the intersecting node is not known. Also, the number of nodes in each of the lists before they intersect are unknown and both lists may have a different number. List1 may have n nodes before it reaches the intersection point and List2 may have m nodes before it reaches the intersection point where m and n may be m = n,m < n or m > n. Can we find the merging point using stacks? Solution: Yes. For algorithm refer to Linked Lists chapter. Problem-22  Finding Sp
Answer: Given an array A, the span S[i] of A[i] is the maximum number of consecutive elements A[j] immediately preceding A[i] and such that A[j] < A[i]? Other way of asking: Given an array A of integers, find the maximum of j – i subjected to the constraint of A[i] < A[j]. Solution:

Question: X indicates a pop operation, and with the stack initially empty, formulate a rule to check whether a given string 5 of operations is admissible or not? Solution: Given a string of length 2n, we wish to check whether the given string of operations is permissible or not with respect to its functioning on a stack. The only restricted operation is pop whose prior requirement is that the stack should not be empty. So while traversing the string from left to right, prior to any pop the stack shouldn’t be empty, which means the number of S’s is always greater than or equal to that of X’s. Hence the condition is at any stage of processing of the string, the number of push operations (S) should be greater than the number of pop operations (X). Problem-21  Suppose there are two singly linked lists which intersect at some point and become a single linked list. The head or start pointers of both the lists are known, but the intersecting node is not known. Also, the number of nodes in each of the lists before they intersect are unknown and both lists may have a different number. List1 may have n nodes before it reaches the intersection point and List2 may have m nodes before it reaches the intersection point where m and n may be m = n,m < n or m > n. Can we find the merging point using stacks? Solution: Yes. For algorithm refer to Linked Lists chapter. Problem-22  Finding Sp
Answer: Given an array A, the span S[i] of A[i] is the maximum number of consecutive elements A[j] immediately preceding A[i] and such that A[j] < A[i]? Other way of asking: Given an array A of integers, find the maximum of j – i subjected to the constraint of A[i] < A[j]. Solution:

Question: X indicates a pop operation, and with the stack initially empty, formulate a rule to check whether a given string 5 of operations is admissible or not? Solution: Given a string of length 2n, we wish to check whether the given string of operations is permissible or not with respect to its functioning on a stack. The only restricted operation is pop whose prior requirement is that the stack should not be empty. So while traversing the string from left to right, prior to any pop the stack shouldn’t be empty, which means the number of S’s is always greater than or equal to that of X’s. Hence the condition is at any stage of processing of the string, the number of push operations (S) should be greater than the number of pop operations (X). Problem-21  Suppose there are two singly linked lists which intersect at some point and become a single linked list. The head or start pointers of both the lists are known, but the intersecting node is not known. Also, the number of nodes in each of the lists before they intersect are unknown and both lists may have a different number. List1 may have n nodes before it reaches the intersection point and List2 may have m nodes before it reaches the intersection point where m and n may be m = n,m < n or m > n. Can we find the merging point using stacks? Solution: Yes. For algorithm refer to Linked Lists chapter. Problem-22  Finding Sp
Answer: Given an array A, the span S[i] of A[i] is the maximum number of consecutive elements A[j] immediately preceding A[i] and such that A[j] < A[i]? Other way of asking: Given an array A of integers, find the maximum of j – i subjected to the constraint of A[i] < A[j]. Solution:","- Definition: A queue is a linear data structure that follows the FIFO (First-In-First-Out) principle, where the first element added to the queue is the first one to be removed.

- Explanation: A queue is a collection of elements that are added and removed in a specific order. Elements are added to the end of the queue (enqueue operation) and removed from the front of the queue (dequeue operation). This ensures that the first element added to the queue is the first one to be removed.

- Example: A real-life example of a queue is a line of people waiting to buy tickets at a movie theater. The first person in line is the first one to buy a ticket, and the last person in line is the last one to buy a ticket.

- Time Complexity: The time complexity of queue operations depends on the implementation. For a basic queue implementation using an array or linked list, the time complexity of enqueue and dequeue operations is O(1), making it efficient for adding and removing elements.

- Space Complexity: The space complexity of a queue depends on the number of elements it can hold. For a basic queue implementation using an array or linked list, the space complexity is O(n), where n is the number of elements in the queue.

- Use Cases: Queues are commonly used in computer science and programming for tasks such as:
  * Job scheduling: Queues can be used to manage a list of jobs to be executed, with the first job in the queue being the next one to be executed.
  * Network protocols: Queues can be used to manage a list of packets to be transmitted over a network, with the first packet in the queue being the next one to be transmitted.
  * Print queues: Queues can be used to manage a list of print jobs, with the first job in the queue being the next one to be printed.","{""sections"": [""General"", ""Stack""], ""pages"": [195, 124]}"
16,"Question: X indicates a pop operation, and with the stack initially empty, formulate a rule to check whether a given string 5 of operations is admissible or not? Solution: Given a string of length 2n, we wish to check whether the given string of operations is permissible or not with respect to its functioning on a stack. The only restricted operation is pop whose prior requirement is that the stack should not be empty. So while traversing the string from left to right, prior to any pop the stack shouldn’t be empty, which means the number of S’s is always greater than or equal to that of X’s. Hence the condition is at any stage of processing of the string, the number of push operations (S) should be greater than the number of pop operations (X). Problem-21  Suppose there are two singly linked lists which intersect at some point and become a single linked list. The head or start pointers of both the lists are known, but the intersecting node is not known. Also, the number of nodes in each of the lists before they intersect are unknown and both lists may have a different number. List1 may have n nodes before it reaches the intersection point and List2 may have m nodes before it reaches the intersection point where m and n may be m = n,m < n or m > n. Can we find the merging point using stacks? Solution: Yes. For algorithm refer to Linked Lists chapter. Problem-22  Finding Sp
Answer: Given an array A, the span S[i] of A[i] is the maximum number of consecutive elements A[j] immediately preceding A[i] and such that A[j] < A[i]? Other way of asking: Given an array A of integers, find the maximum of j – i subjected to the constraint of A[i] < A[j]. Solution:

Question: returning M- n + 1th key value from the hash table. Time Complexity: Time for creating the hash table, T(m) = O(m). Space Complexity: Since we need to create a hash table of size m, O(m). Problem-4  Can we use the Problem-3 approach for solving Problem-2 without creating the hash table? Solution: Yes. If we observe the Problem-3 solution, what we are actually doing is finding the size of the linked list. That means we are using the hash table to find the size of the linked list. We can find the length of the linked list just by starting at the head node and traversing the list. So, we can find the length of the list without creating the hash table. After finding the length, compute M – n + 1 and with one more scan we can get the M – n+ 1th node from the beginning. This solution needs two sc
Answer: one for finding the length of the list and the other for finding M – n+ 1th node from the beginning. Time Complexity: Time for finding the length + Time for finding the M – n + 1th node from the beginning. Therefore, T(n) = O(n) + O(n) ≈ O(n). Space Complexity: O(1). Hence, no need to create the hash table. Problem-5  Can we solve Problem-2 in one scan? Solution: Yes. Efficient Approach: Use two pointers pNthNode and pTemp. Initially, both point to head node of the list. pNthNode starts moving only after pTemp has made n moves. From there both move forward until pTemp reaches the end of the list. As a result pNthNode points to nth node from the end of the linked list. Note: At any point of time both move one node at a time.

Question: X indicates a pop operation, and with the stack initially empty, formulate a rule to check whether a given string 5 of operations is admissible or not? Solution: Given a string of length 2n, we wish to check whether the given string of operations is permissible or not with respect to its functioning on a stack. The only restricted operation is pop whose prior requirement is that the stack should not be empty. So while traversing the string from left to right, prior to any pop the stack shouldn’t be empty, which means the number of S’s is always greater than or equal to that of X’s. Hence the condition is at any stage of processing of the string, the number of push operations (S) should be greater than the number of pop operations (X). Problem-21  Suppose there are two singly linked lists which intersect at some point and become a single linked list. The head or start pointers of both the lists are known, but the intersecting node is not known. Also, the number of nodes in each of the lists before they intersect are unknown and both lists may have a different number. List1 may have n nodes before it reaches the intersection point and List2 may have m nodes before it reaches the intersection point where m and n may be m = n,m < n or m > n. Can we find the merging point using stacks? Solution: Yes. For algorithm refer to Linked Lists chapter. Problem-22  Finding Sp
Answer: Given an array A, the span S[i] of A[i] is the maximum number of consecutive elements A[j] immediately preceding A[i] and such that A[j] < A[i]? Other way of asking: Given an array A of integers, find the maximum of j – i subjected to the constraint of A[i] < A[j]. Solution:

Question: X indicates a pop operation, and with the stack initially empty, formulate a rule to check whether a given string 5 of operations is admissible or not? Solution: Given a string of length 2n, we wish to check whether the given string of operations is permissible or not with respect to its functioning on a stack. The only restricted operation is pop whose prior requirement is that the stack should not be empty. So while traversing the string from left to right, prior to any pop the stack shouldn’t be empty, which means the number of S’s is always greater than or equal to that of X’s. Hence the condition is at any stage of processing of the string, the number of push operations (S) should be greater than the number of pop operations (X). Problem-21  Suppose there are two singly linked lists which intersect at some point and become a single linked list. The head or start pointers of both the lists are known, but the intersecting node is not known. Also, the number of nodes in each of the lists before they intersect are unknown and both lists may have a different number. List1 may have n nodes before it reaches the intersection point and List2 may have m nodes before it reaches the intersection point where m and n may be m = n,m < n or m > n. Can we find the merging point using stacks? Solution: Yes. For algorithm refer to Linked Lists chapter. Problem-22  Finding Sp
Answer: Given an array A, the span S[i] of A[i] is the maximum number of consecutive elements A[j] immediately preceding A[i] and such that A[j] < A[i]? Other way of asking: Given an array A of integers, find the maximum of j – i subjected to the constraint of A[i] < A[j]. Solution:

Question: X indicates a pop operation, and with the stack initially empty, formulate a rule to check whether a given string 5 of operations is admissible or not? Solution: Given a string of length 2n, we wish to check whether the given string of operations is permissible or not with respect to its functioning on a stack. The only restricted operation is pop whose prior requirement is that the stack should not be empty. So while traversing the string from left to right, prior to any pop the stack shouldn’t be empty, which means the number of S’s is always greater than or equal to that of X’s. Hence the condition is at any stage of processing of the string, the number of push operations (S) should be greater than the number of pop operations (X). Problem-21  Suppose there are two singly linked lists which intersect at some point and become a single linked list. The head or start pointers of both the lists are known, but the intersecting node is not known. Also, the number of nodes in each of the lists before they intersect are unknown and both lists may have a different number. List1 may have n nodes before it reaches the intersection point and List2 may have m nodes before it reaches the intersection point where m and n may be m = n,m < n or m > n. Can we find the merging point using stacks? Solution: Yes. For algorithm refer to Linked Lists chapter. Problem-22  Finding Sp
Answer: Given an array A, the span S[i] of A[i] is the maximum number of consecutive elements A[j] immediately preceding A[i] and such that A[j] < A[i]? Other way of asking: Given an array A of integers, find the maximum of j – i subjected to the constraint of A[i] < A[j]. Solution:","- Definition: A queue is a linear data structure that follows the FIFO (First-In-First-Out) principle, where the first element added to the queue will be the first one to be removed.
- Explanation: A queue is a collection of elements that are added and removed in a specific order. Elements are added to the end of the queue (enqueue) and removed from the front of the queue (dequeue).
- Example: A real-life example of a queue is a line of people waiting to buy tickets at a movie theater. The first person in line will be the first to buy a ticket, and the last person in line will be the last to buy a ticket.
- Time Complexity: The time complexity of queue operations (enqueue and dequeue) is O(1), making it an efficient data structure for many applications.
- Space Complexity: The space complexity of a queue is O(n), where n is the number of elements in the queue.
- Use Cases: Queues are used in many applications, such as:
  * Job scheduling in operating systems
  * Print queues in printers
  * Network protocols (e.g., TCP/IP)
  * Message queues in distributed systems
  * Bank teller lines
  * Customer service call centers

Types of queues:

1. Simple Queue: A basic queue that follows the FIFO principle.
2. Circular Queue: A queue that uses a circular array to store elements, where the last element is connected to the first element.
3. Priority Queue: A queue that assigns a priority to each element, where elements with higher priority are removed first.
4. Double-Ended Queue (Deque): A queue that allows elements to be added and removed from both ends.
5. Linked Queue: A queue that uses a linked list to store elements, where each element points to the next element.","{""sections"": [""General"", ""Stack""], ""pages"": [195, 124]}"
17,"Question: X indicates a pop operation, and with the stack initially empty, formulate a rule to check whether a given string 5 of operations is admissible or not? Solution: Given a string of length 2n, we wish to check whether the given string of operations is permissible or not with respect to its functioning on a stack. The only restricted operation is pop whose prior requirement is that the stack should not be empty. So while traversing the string from left to right, prior to any pop the stack shouldn’t be empty, which means the number of S’s is always greater than or equal to that of X’s. Hence the condition is at any stage of processing of the string, the number of push operations (S) should be greater than the number of pop operations (X). Problem-21  Suppose there are two singly linked lists which intersect at some point and become a single linked list. The head or start pointers of both the lists are known, but the intersecting node is not known. Also, the number of nodes in each of the lists before they intersect are unknown and both lists may have a different number. List1 may have n nodes before it reaches the intersection point and List2 may have m nodes before it reaches the intersection point where m and n may be m = n,m < n or m > n. Can we find the merging point using stacks? Solution: Yes. For algorithm refer to Linked Lists chapter. Problem-22  Finding Sp
Answer: Given an array A, the span S[i] of A[i] is the maximum number of consecutive elements A[j] immediately preceding A[i] and such that A[j] < A[i]? Other way of asking: Given an array A of integers, find the maximum of j – i subjected to the constraint of A[i] < A[j]. Solution:

Question: returning M- n + 1th key value from the hash table. Time Complexity: Time for creating the hash table, T(m) = O(m). Space Complexity: Since we need to create a hash table of size m, O(m). Problem-4  Can we use the Problem-3 approach for solving Problem-2 without creating the hash table? Solution: Yes. If we observe the Problem-3 solution, what we are actually doing is finding the size of the linked list. That means we are using the hash table to find the size of the linked list. We can find the length of the linked list just by starting at the head node and traversing the list. So, we can find the length of the list without creating the hash table. After finding the length, compute M – n + 1 and with one more scan we can get the M – n+ 1th node from the beginning. This solution needs two sc
Answer: one for finding the length of the list and the other for finding M – n+ 1th node from the beginning. Time Complexity: Time for finding the length + Time for finding the M – n + 1th node from the beginning. Therefore, T(n) = O(n) + O(n) ≈ O(n). Space Complexity: O(1). Hence, no need to create the hash table. Problem-5  Can we solve Problem-2 in one scan? Solution: Yes. Efficient Approach: Use two pointers pNthNode and pTemp. Initially, both point to head node of the list. pNthNode starts moving only after pTemp has made n moves. From there both move forward until pTemp reaches the end of the list. As a result pNthNode points to nth node from the end of the linked list. Note: At any point of time both move one node at a time.

Question: X indicates a pop operation, and with the stack initially empty, formulate a rule to check whether a given string 5 of operations is admissible or not? Solution: Given a string of length 2n, we wish to check whether the given string of operations is permissible or not with respect to its functioning on a stack. The only restricted operation is pop whose prior requirement is that the stack should not be empty. So while traversing the string from left to right, prior to any pop the stack shouldn’t be empty, which means the number of S’s is always greater than or equal to that of X’s. Hence the condition is at any stage of processing of the string, the number of push operations (S) should be greater than the number of pop operations (X). Problem-21  Suppose there are two singly linked lists which intersect at some point and become a single linked list. The head or start pointers of both the lists are known, but the intersecting node is not known. Also, the number of nodes in each of the lists before they intersect are unknown and both lists may have a different number. List1 may have n nodes before it reaches the intersection point and List2 may have m nodes before it reaches the intersection point where m and n may be m = n,m < n or m > n. Can we find the merging point using stacks? Solution: Yes. For algorithm refer to Linked Lists chapter. Problem-22  Finding Sp
Answer: Given an array A, the span S[i] of A[i] is the maximum number of consecutive elements A[j] immediately preceding A[i] and such that A[j] < A[i]? Other way of asking: Given an array A of integers, find the maximum of j – i subjected to the constraint of A[i] < A[j]. Solution:

Question: X indicates a pop operation, and with the stack initially empty, formulate a rule to check whether a given string 5 of operations is admissible or not? Solution: Given a string of length 2n, we wish to check whether the given string of operations is permissible or not with respect to its functioning on a stack. The only restricted operation is pop whose prior requirement is that the stack should not be empty. So while traversing the string from left to right, prior to any pop the stack shouldn’t be empty, which means the number of S’s is always greater than or equal to that of X’s. Hence the condition is at any stage of processing of the string, the number of push operations (S) should be greater than the number of pop operations (X). Problem-21  Suppose there are two singly linked lists which intersect at some point and become a single linked list. The head or start pointers of both the lists are known, but the intersecting node is not known. Also, the number of nodes in each of the lists before they intersect are unknown and both lists may have a different number. List1 may have n nodes before it reaches the intersection point and List2 may have m nodes before it reaches the intersection point where m and n may be m = n,m < n or m > n. Can we find the merging point using stacks? Solution: Yes. For algorithm refer to Linked Lists chapter. Problem-22  Finding Sp
Answer: Given an array A, the span S[i] of A[i] is the maximum number of consecutive elements A[j] immediately preceding A[i] and such that A[j] < A[i]? Other way of asking: Given an array A of integers, find the maximum of j – i subjected to the constraint of A[i] < A[j]. Solution:

Question: X indicates a pop operation, and with the stack initially empty, formulate a rule to check whether a given string 5 of operations is admissible or not? Solution: Given a string of length 2n, we wish to check whether the given string of operations is permissible or not with respect to its functioning on a stack. The only restricted operation is pop whose prior requirement is that the stack should not be empty. So while traversing the string from left to right, prior to any pop the stack shouldn’t be empty, which means the number of S’s is always greater than or equal to that of X’s. Hence the condition is at any stage of processing of the string, the number of push operations (S) should be greater than the number of pop operations (X). Problem-21  Suppose there are two singly linked lists which intersect at some point and become a single linked list. The head or start pointers of both the lists are known, but the intersecting node is not known. Also, the number of nodes in each of the lists before they intersect are unknown and both lists may have a different number. List1 may have n nodes before it reaches the intersection point and List2 may have m nodes before it reaches the intersection point where m and n may be m = n,m < n or m > n. Can we find the merging point using stacks? Solution: Yes. For algorithm refer to Linked Lists chapter. Problem-22  Finding Sp
Answer: Given an array A, the span S[i] of A[i] is the maximum number of consecutive elements A[j] immediately preceding A[i] and such that A[j] < A[i]? Other way of asking: Given an array A of integers, find the maximum of j – i subjected to the constraint of A[i] < A[j]. Solution:","- Definition: A circular queue is a type of data structure that follows the FIFO (First-In-First-Out) principle, where the last element is connected to the first element to form a circle.

- Explanation: In a circular queue, the elements are stored in a circular manner, and the last element is connected to the first element. This allows for efficient use of memory and reduces the need for shifting elements when an element is added or removed.

- Example: Consider a circular queue with 5 elements: [1, 2, 3, 4, 5]. When an element is added to the queue, it is added to the next available position, and when an element is removed, the next element in the queue moves to the front.

- Time Complexity: The time complexity of a circular queue is O(1) for both enqueue and dequeue operations, as elements are added and removed from the front and rear of the queue.

- Space Complexity: The space complexity of a circular queue is O(n), where n is the number of elements in the queue.

- Use Cases: Circular queues are used in various applications, such as:
  * Job scheduling in operating systems
  * Print queues in printers
  * Network buffers in routers and switches
  * Resource allocation in real-time systems","{""sections"": [""General"", ""Stack""], ""pages"": [195, 124]}"
18,"Question: X indicates a pop operation, and with the stack initially empty, formulate a rule to check whether a given string 5 of operations is admissible or not? Solution: Given a string of length 2n, we wish to check whether the given string of operations is permissible or not with respect to its functioning on a stack. The only restricted operation is pop whose prior requirement is that the stack should not be empty. So while traversing the string from left to right, prior to any pop the stack shouldn’t be empty, which means the number of S’s is always greater than or equal to that of X’s. Hence the condition is at any stage of processing of the string, the number of push operations (S) should be greater than the number of pop operations (X). Problem-21  Suppose there are two singly linked lists which intersect at some point and become a single linked list. The head or start pointers of both the lists are known, but the intersecting node is not known. Also, the number of nodes in each of the lists before they intersect are unknown and both lists may have a different number. List1 may have n nodes before it reaches the intersection point and List2 may have m nodes before it reaches the intersection point where m and n may be m = n,m < n or m > n. Can we find the merging point using stacks? Solution: Yes. For algorithm refer to Linked Lists chapter. Problem-22  Finding Sp
Answer: Given an array A, the span S[i] of A[i] is the maximum number of consecutive elements A[j] immediately preceding A[i] and such that A[j] < A[i]? Other way of asking: Given an array A of integers, find the maximum of j – i subjected to the constraint of A[i] < A[j]. Solution:

Question: returning M- n + 1th key value from the hash table. Time Complexity: Time for creating the hash table, T(m) = O(m). Space Complexity: Since we need to create a hash table of size m, O(m). Problem-4  Can we use the Problem-3 approach for solving Problem-2 without creating the hash table? Solution: Yes. If we observe the Problem-3 solution, what we are actually doing is finding the size of the linked list. That means we are using the hash table to find the size of the linked list. We can find the length of the linked list just by starting at the head node and traversing the list. So, we can find the length of the list without creating the hash table. After finding the length, compute M – n + 1 and with one more scan we can get the M – n+ 1th node from the beginning. This solution needs two sc
Answer: one for finding the length of the list and the other for finding M – n+ 1th node from the beginning. Time Complexity: Time for finding the length + Time for finding the M – n + 1th node from the beginning. Therefore, T(n) = O(n) + O(n) ≈ O(n). Space Complexity: O(1). Hence, no need to create the hash table. Problem-5  Can we solve Problem-2 in one scan? Solution: Yes. Efficient Approach: Use two pointers pNthNode and pTemp. Initially, both point to head node of the list. pNthNode starts moving only after pTemp has made n moves. From there both move forward until pTemp reaches the end of the list. As a result pNthNode points to nth node from the end of the linked list. Note: At any point of time both move one node at a time.

Question: X indicates a pop operation, and with the stack initially empty, formulate a rule to check whether a given string 5 of operations is admissible or not? Solution: Given a string of length 2n, we wish to check whether the given string of operations is permissible or not with respect to its functioning on a stack. The only restricted operation is pop whose prior requirement is that the stack should not be empty. So while traversing the string from left to right, prior to any pop the stack shouldn’t be empty, which means the number of S’s is always greater than or equal to that of X’s. Hence the condition is at any stage of processing of the string, the number of push operations (S) should be greater than the number of pop operations (X). Problem-21  Suppose there are two singly linked lists which intersect at some point and become a single linked list. The head or start pointers of both the lists are known, but the intersecting node is not known. Also, the number of nodes in each of the lists before they intersect are unknown and both lists may have a different number. List1 may have n nodes before it reaches the intersection point and List2 may have m nodes before it reaches the intersection point where m and n may be m = n,m < n or m > n. Can we find the merging point using stacks? Solution: Yes. For algorithm refer to Linked Lists chapter. Problem-22  Finding Sp
Answer: Given an array A, the span S[i] of A[i] is the maximum number of consecutive elements A[j] immediately preceding A[i] and such that A[j] < A[i]? Other way of asking: Given an array A of integers, find the maximum of j – i subjected to the constraint of A[i] < A[j]. Solution:

Question: X indicates a pop operation, and with the stack initially empty, formulate a rule to check whether a given string 5 of operations is admissible or not? Solution: Given a string of length 2n, we wish to check whether the given string of operations is permissible or not with respect to its functioning on a stack. The only restricted operation is pop whose prior requirement is that the stack should not be empty. So while traversing the string from left to right, prior to any pop the stack shouldn’t be empty, which means the number of S’s is always greater than or equal to that of X’s. Hence the condition is at any stage of processing of the string, the number of push operations (S) should be greater than the number of pop operations (X). Problem-21  Suppose there are two singly linked lists which intersect at some point and become a single linked list. The head or start pointers of both the lists are known, but the intersecting node is not known. Also, the number of nodes in each of the lists before they intersect are unknown and both lists may have a different number. List1 may have n nodes before it reaches the intersection point and List2 may have m nodes before it reaches the intersection point where m and n may be m = n,m < n or m > n. Can we find the merging point using stacks? Solution: Yes. For algorithm refer to Linked Lists chapter. Problem-22  Finding Sp
Answer: Given an array A, the span S[i] of A[i] is the maximum number of consecutive elements A[j] immediately preceding A[i] and such that A[j] < A[i]? Other way of asking: Given an array A of integers, find the maximum of j – i subjected to the constraint of A[i] < A[j]. Solution:

Question: X indicates a pop operation, and with the stack initially empty, formulate a rule to check whether a given string 5 of operations is admissible or not? Solution: Given a string of length 2n, we wish to check whether the given string of operations is permissible or not with respect to its functioning on a stack. The only restricted operation is pop whose prior requirement is that the stack should not be empty. So while traversing the string from left to right, prior to any pop the stack shouldn’t be empty, which means the number of S’s is always greater than or equal to that of X’s. Hence the condition is at any stage of processing of the string, the number of push operations (S) should be greater than the number of pop operations (X). Problem-21  Suppose there are two singly linked lists which intersect at some point and become a single linked list. The head or start pointers of both the lists are known, but the intersecting node is not known. Also, the number of nodes in each of the lists before they intersect are unknown and both lists may have a different number. List1 may have n nodes before it reaches the intersection point and List2 may have m nodes before it reaches the intersection point where m and n may be m = n,m < n or m > n. Can we find the merging point using stacks? Solution: Yes. For algorithm refer to Linked Lists chapter. Problem-22  Finding Sp
Answer: Given an array A, the span S[i] of A[i] is the maximum number of consecutive elements A[j] immediately preceding A[i] and such that A[j] < A[i]? Other way of asking: Given an array A of integers, find the maximum of j – i subjected to the constraint of A[i] < A[j]. Solution:","- Definition: A priority queue is a type of data structure that is similar to a regular queue, but with the added feature of assigning a priority to each element. The elements in a priority queue are ordered based on their priority, with the highest-priority element at the front of the queue.

- Explanation: A priority queue is a data structure that allows elements to be inserted and removed based on their priority. The priority of an element is determined by a priority function, which assigns a priority value to each element. The elements in the queue are ordered based on their priority values, with the highest-priority element at the front of the queue. When an element is inserted into the queue, it is placed in the correct position based on its priority value. When an element is removed from the queue, the highest-priority element is removed first.

- Example: A priority queue can be used to manage a list of tasks that need to be completed, where each task has a priority level associated with it. The tasks with the highest priority are placed at the front of the queue, and the tasks with the lowest priority are placed at the back of the queue.

- Time Complexity: The time complexity of a priority queue depends on the implementation, but in general, the time complexity of inserting an element into a priority queue is O(log n), where n is the number of elements in the queue. The time complexity of removing an element from a priority queue is also O(log n).

- Space Complexity: The space complexity of a priority queue is O(n), where n is the number of elements in the queue.

- Use Cases: Priority queues are used in a variety of applications, including:

* Scheduling tasks: Priority queues can be used to manage a list of tasks that need to be completed, where each task has a priority level associated with it.
* Resource allocation: Priority queues can be used to manage a list of resources that need to be allocated, where each resource has a priority level associated","{""sections"": [""General"", ""Stack""], ""pages"": [195, 124]}"
19,"Question: X indicates a pop operation, and with the stack initially empty, formulate a rule to check whether a given string 5 of operations is admissible or not? Solution: Given a string of length 2n, we wish to check whether the given string of operations is permissible or not with respect to its functioning on a stack. The only restricted operation is pop whose prior requirement is that the stack should not be empty. So while traversing the string from left to right, prior to any pop the stack shouldn’t be empty, which means the number of S’s is always greater than or equal to that of X’s. Hence the condition is at any stage of processing of the string, the number of push operations (S) should be greater than the number of pop operations (X). Problem-21  Suppose there are two singly linked lists which intersect at some point and become a single linked list. The head or start pointers of both the lists are known, but the intersecting node is not known. Also, the number of nodes in each of the lists before they intersect are unknown and both lists may have a different number. List1 may have n nodes before it reaches the intersection point and List2 may have m nodes before it reaches the intersection point where m and n may be m = n,m < n or m > n. Can we find the merging point using stacks? Solution: Yes. For algorithm refer to Linked Lists chapter. Problem-22  Finding Sp
Answer: Given an array A, the span S[i] of A[i] is the maximum number of consecutive elements A[j] immediately preceding A[i] and such that A[j] < A[i]? Other way of asking: Given an array A of integers, find the maximum of j – i subjected to the constraint of A[i] < A[j]. Solution:

Question: returning M- n + 1th key value from the hash table. Time Complexity: Time for creating the hash table, T(m) = O(m). Space Complexity: Since we need to create a hash table of size m, O(m). Problem-4  Can we use the Problem-3 approach for solving Problem-2 without creating the hash table? Solution: Yes. If we observe the Problem-3 solution, what we are actually doing is finding the size of the linked list. That means we are using the hash table to find the size of the linked list. We can find the length of the linked list just by starting at the head node and traversing the list. So, we can find the length of the list without creating the hash table. After finding the length, compute M – n + 1 and with one more scan we can get the M – n+ 1th node from the beginning. This solution needs two sc
Answer: one for finding the length of the list and the other for finding M – n+ 1th node from the beginning. Time Complexity: Time for finding the length + Time for finding the M – n + 1th node from the beginning. Therefore, T(n) = O(n) + O(n) ≈ O(n). Space Complexity: O(1). Hence, no need to create the hash table. Problem-5  Can we solve Problem-2 in one scan? Solution: Yes. Efficient Approach: Use two pointers pNthNode and pTemp. Initially, both point to head node of the list. pNthNode starts moving only after pTemp has made n moves. From there both move forward until pTemp reaches the end of the list. As a result pNthNode points to nth node from the end of the linked list. Note: At any point of time both move one node at a time.

Question: X indicates a pop operation, and with the stack initially empty, formulate a rule to check whether a given string 5 of operations is admissible or not? Solution: Given a string of length 2n, we wish to check whether the given string of operations is permissible or not with respect to its functioning on a stack. The only restricted operation is pop whose prior requirement is that the stack should not be empty. So while traversing the string from left to right, prior to any pop the stack shouldn’t be empty, which means the number of S’s is always greater than or equal to that of X’s. Hence the condition is at any stage of processing of the string, the number of push operations (S) should be greater than the number of pop operations (X). Problem-21  Suppose there are two singly linked lists which intersect at some point and become a single linked list. The head or start pointers of both the lists are known, but the intersecting node is not known. Also, the number of nodes in each of the lists before they intersect are unknown and both lists may have a different number. List1 may have n nodes before it reaches the intersection point and List2 may have m nodes before it reaches the intersection point where m and n may be m = n,m < n or m > n. Can we find the merging point using stacks? Solution: Yes. For algorithm refer to Linked Lists chapter. Problem-22  Finding Sp
Answer: Given an array A, the span S[i] of A[i] is the maximum number of consecutive elements A[j] immediately preceding A[i] and such that A[j] < A[i]? Other way of asking: Given an array A of integers, find the maximum of j – i subjected to the constraint of A[i] < A[j]. Solution:

Question: X indicates a pop operation, and with the stack initially empty, formulate a rule to check whether a given string 5 of operations is admissible or not? Solution: Given a string of length 2n, we wish to check whether the given string of operations is permissible or not with respect to its functioning on a stack. The only restricted operation is pop whose prior requirement is that the stack should not be empty. So while traversing the string from left to right, prior to any pop the stack shouldn’t be empty, which means the number of S’s is always greater than or equal to that of X’s. Hence the condition is at any stage of processing of the string, the number of push operations (S) should be greater than the number of pop operations (X). Problem-21  Suppose there are two singly linked lists which intersect at some point and become a single linked list. The head or start pointers of both the lists are known, but the intersecting node is not known. Also, the number of nodes in each of the lists before they intersect are unknown and both lists may have a different number. List1 may have n nodes before it reaches the intersection point and List2 may have m nodes before it reaches the intersection point where m and n may be m = n,m < n or m > n. Can we find the merging point using stacks? Solution: Yes. For algorithm refer to Linked Lists chapter. Problem-22  Finding Sp
Answer: Given an array A, the span S[i] of A[i] is the maximum number of consecutive elements A[j] immediately preceding A[i] and such that A[j] < A[i]? Other way of asking: Given an array A of integers, find the maximum of j – i subjected to the constraint of A[i] < A[j]. Solution:

Question: X indicates a pop operation, and with the stack initially empty, formulate a rule to check whether a given string 5 of operations is admissible or not? Solution: Given a string of length 2n, we wish to check whether the given string of operations is permissible or not with respect to its functioning on a stack. The only restricted operation is pop whose prior requirement is that the stack should not be empty. So while traversing the string from left to right, prior to any pop the stack shouldn’t be empty, which means the number of S’s is always greater than or equal to that of X’s. Hence the condition is at any stage of processing of the string, the number of push operations (S) should be greater than the number of pop operations (X). Problem-21  Suppose there are two singly linked lists which intersect at some point and become a single linked list. The head or start pointers of both the lists are known, but the intersecting node is not known. Also, the number of nodes in each of the lists before they intersect are unknown and both lists may have a different number. List1 may have n nodes before it reaches the intersection point and List2 may have m nodes before it reaches the intersection point where m and n may be m = n,m < n or m > n. Can we find the merging point using stacks? Solution: Yes. For algorithm refer to Linked Lists chapter. Problem-22  Finding Sp
Answer: Given an array A, the span S[i] of A[i] is the maximum number of consecutive elements A[j] immediately preceding A[i] and such that A[j] < A[i]? Other way of asking: Given an array A of integers, find the maximum of j – i subjected to the constraint of A[i] < A[j]. Solution:","- Definition: Recursion is a programming technique where a function calls itself repeatedly until it reaches a base case that stops the recursion.

- Explanation: Recursion is a fundamental concept in computer science and is used to solve problems that have a recursive structure. A recursive function is a function that calls itself, either directly or indirectly, until it reaches a base case that stops the recursion. The base case is a trivial case that can be solved without calling the function again.

- Example: A classic example of recursion is the factorial function. The factorial of a number n is the product of all positive integers less than or equal to n. The recursive formula for the factorial function is: factorial(n) = n * factorial(n-1), with the base case being factorial(0) = 1.

- Time Complexity: The time complexity of a recursive function depends on the number of recursive calls and the time complexity of each call. In general, the time complexity of a recursive function is O(2^n), where n is the number of recursive calls.

- Space Complexity: The space complexity of a recursive function depends on the number of recursive calls and the space required by each call. In general, the space complexity of a recursive function is O(n), where n is the number of recursive calls.

- Use Cases: Recursion is used to solve problems that have a recursive structure, such as tree traversals, graph traversals, and dynamic programming problems. It is also used in algorithms such as merge sort, quick sort, and binary search.","{""sections"": [""General"", ""Stack""], ""pages"": [195, 124]}"
20,"Question: X indicates a pop operation, and with the stack initially empty, formulate a rule to check whether a given string 5 of operations is admissible or not? Solution: Given a string of length 2n, we wish to check whether the given string of operations is permissible or not with respect to its functioning on a stack. The only restricted operation is pop whose prior requirement is that the stack should not be empty. So while traversing the string from left to right, prior to any pop the stack shouldn’t be empty, which means the number of S’s is always greater than or equal to that of X’s. Hence the condition is at any stage of processing of the string, the number of push operations (S) should be greater than the number of pop operations (X). Problem-21  Suppose there are two singly linked lists which intersect at some point and become a single linked list. The head or start pointers of both the lists are known, but the intersecting node is not known. Also, the number of nodes in each of the lists before they intersect are unknown and both lists may have a different number. List1 may have n nodes before it reaches the intersection point and List2 may have m nodes before it reaches the intersection point where m and n may be m = n,m < n or m > n. Can we find the merging point using stacks? Solution: Yes. For algorithm refer to Linked Lists chapter. Problem-22  Finding Sp
Answer: Given an array A, the span S[i] of A[i] is the maximum number of consecutive elements A[j] immediately preceding A[i] and such that A[j] < A[i]? Other way of asking: Given an array A of integers, find the maximum of j – i subjected to the constraint of A[i] < A[j]. Solution:

Question: returning M- n + 1th key value from the hash table. Time Complexity: Time for creating the hash table, T(m) = O(m). Space Complexity: Since we need to create a hash table of size m, O(m). Problem-4  Can we use the Problem-3 approach for solving Problem-2 without creating the hash table? Solution: Yes. If we observe the Problem-3 solution, what we are actually doing is finding the size of the linked list. That means we are using the hash table to find the size of the linked list. We can find the length of the linked list just by starting at the head node and traversing the list. So, we can find the length of the list without creating the hash table. After finding the length, compute M – n + 1 and with one more scan we can get the M – n+ 1th node from the beginning. This solution needs two sc
Answer: one for finding the length of the list and the other for finding M – n+ 1th node from the beginning. Time Complexity: Time for finding the length + Time for finding the M – n + 1th node from the beginning. Therefore, T(n) = O(n) + O(n) ≈ O(n). Space Complexity: O(1). Hence, no need to create the hash table. Problem-5  Can we solve Problem-2 in one scan? Solution: Yes. Efficient Approach: Use two pointers pNthNode and pTemp. Initially, both point to head node of the list. pNthNode starts moving only after pTemp has made n moves. From there both move forward until pTemp reaches the end of the list. As a result pNthNode points to nth node from the end of the linked list. Note: At any point of time both move one node at a time.

Question: X indicates a pop operation, and with the stack initially empty, formulate a rule to check whether a given string 5 of operations is admissible or not? Solution: Given a string of length 2n, we wish to check whether the given string of operations is permissible or not with respect to its functioning on a stack. The only restricted operation is pop whose prior requirement is that the stack should not be empty. So while traversing the string from left to right, prior to any pop the stack shouldn’t be empty, which means the number of S’s is always greater than or equal to that of X’s. Hence the condition is at any stage of processing of the string, the number of push operations (S) should be greater than the number of pop operations (X). Problem-21  Suppose there are two singly linked lists which intersect at some point and become a single linked list. The head or start pointers of both the lists are known, but the intersecting node is not known. Also, the number of nodes in each of the lists before they intersect are unknown and both lists may have a different number. List1 may have n nodes before it reaches the intersection point and List2 may have m nodes before it reaches the intersection point where m and n may be m = n,m < n or m > n. Can we find the merging point using stacks? Solution: Yes. For algorithm refer to Linked Lists chapter. Problem-22  Finding Sp
Answer: Given an array A, the span S[i] of A[i] is the maximum number of consecutive elements A[j] immediately preceding A[i] and such that A[j] < A[i]? Other way of asking: Given an array A of integers, find the maximum of j – i subjected to the constraint of A[i] < A[j]. Solution:

Question: X indicates a pop operation, and with the stack initially empty, formulate a rule to check whether a given string 5 of operations is admissible or not? Solution: Given a string of length 2n, we wish to check whether the given string of operations is permissible or not with respect to its functioning on a stack. The only restricted operation is pop whose prior requirement is that the stack should not be empty. So while traversing the string from left to right, prior to any pop the stack shouldn’t be empty, which means the number of S’s is always greater than or equal to that of X’s. Hence the condition is at any stage of processing of the string, the number of push operations (S) should be greater than the number of pop operations (X). Problem-21  Suppose there are two singly linked lists which intersect at some point and become a single linked list. The head or start pointers of both the lists are known, but the intersecting node is not known. Also, the number of nodes in each of the lists before they intersect are unknown and both lists may have a different number. List1 may have n nodes before it reaches the intersection point and List2 may have m nodes before it reaches the intersection point where m and n may be m = n,m < n or m > n. Can we find the merging point using stacks? Solution: Yes. For algorithm refer to Linked Lists chapter. Problem-22  Finding Sp
Answer: Given an array A, the span S[i] of A[i] is the maximum number of consecutive elements A[j] immediately preceding A[i] and such that A[j] < A[i]? Other way of asking: Given an array A of integers, find the maximum of j – i subjected to the constraint of A[i] < A[j]. Solution:

Question: X indicates a pop operation, and with the stack initially empty, formulate a rule to check whether a given string 5 of operations is admissible or not? Solution: Given a string of length 2n, we wish to check whether the given string of operations is permissible or not with respect to its functioning on a stack. The only restricted operation is pop whose prior requirement is that the stack should not be empty. So while traversing the string from left to right, prior to any pop the stack shouldn’t be empty, which means the number of S’s is always greater than or equal to that of X’s. Hence the condition is at any stage of processing of the string, the number of push operations (S) should be greater than the number of pop operations (X). Problem-21  Suppose there are two singly linked lists which intersect at some point and become a single linked list. The head or start pointers of both the lists are known, but the intersecting node is not known. Also, the number of nodes in each of the lists before they intersect are unknown and both lists may have a different number. List1 may have n nodes before it reaches the intersection point and List2 may have m nodes before it reaches the intersection point where m and n may be m = n,m < n or m > n. Can we find the merging point using stacks? Solution: Yes. For algorithm refer to Linked Lists chapter. Problem-22  Finding Sp
Answer: Given an array A, the span S[i] of A[i] is the maximum number of consecutive elements A[j] immediately preceding A[i] and such that A[j] < A[i]? Other way of asking: Given an array A of integers, find the maximum of j – i subjected to the constraint of A[i] < A[j]. Solution:","- Definition: Recursion is a programming technique where a function calls itself repeatedly until it reaches a base case that stops the recursion.
- Explanation: Recursion is a powerful technique for solving problems that have a recursive structure. It involves breaking down a problem into smaller sub-problems of the same type, which are then solved by the same function, until the solution to the original problem is found.
- Example: A classic example of recursion is the factorial function, which calculates the product of all positive integers up to a given number. The function calls itself with decreasing values until it reaches the base case of 1.
- Time Complexity: The time complexity of recursion depends on the problem being solved and the efficiency of the recursive function. In general, recursion can be slower than iteration because of the overhead of function calls.
- Space Complexity: The space complexity of recursion is typically higher than iteration because each recursive call creates a new stack frame, which consumes memory.
- Use Cases: Recursion is useful for solving problems that have a recursive structure, such as tree traversals, graph traversals, and dynamic programming problems. It is also useful for solving problems that require a divide-and-conquer approach, such as merge sort and quick sort. However, recursion can be less efficient than iteration for problems that require a simple loop, and it can cause stack overflow errors if the recursion is too deep.","{""sections"": [""General"", ""Stack""], ""pages"": [195, 124]}"
21,"Question: returning M- n + 1th key value from the hash table. Time Complexity: Time for creating the hash table, T(m) = O(m). Space Complexity: Since we need to create a hash table of size m, O(m). Problem-4  Can we use the Problem-3 approach for solving Problem-2 without creating the hash table? Solution: Yes. If we observe the Problem-3 solution, what we are actually doing is finding the size of the linked list. That means we are using the hash table to find the size of the linked list. We can find the length of the linked list just by starting at the head node and traversing the list. So, we can find the length of the list without creating the hash table. After finding the length, compute M – n + 1 and with one more scan we can get the M – n+ 1th node from the beginning. This solution needs two sc
Answer: one for finding the length of the list and the other for finding M – n+ 1th node from the beginning. Time Complexity: Time for finding the length + Time for finding the M – n + 1th node from the beginning. Therefore, T(n) = O(n) + O(n) ≈ O(n). Space Complexity: O(1). Hence, no need to create the hash table. Problem-5  Can we solve Problem-2 in one scan? Solution: Yes. Efficient Approach: Use two pointers pNthNode and pTemp. Initially, both point to head node of the list. pNthNode starts moving only after pTemp has made n moves. From there both move forward until pTemp reaches the end of the list. As a result pNthNode points to nth node from the end of the linked list. Note: At any point of time both move one node at a time.

Question: X indicates a pop operation, and with the stack initially empty, formulate a rule to check whether a given string 5 of operations is admissible or not? Solution: Given a string of length 2n, we wish to check whether the given string of operations is permissible or not with respect to its functioning on a stack. The only restricted operation is pop whose prior requirement is that the stack should not be empty. So while traversing the string from left to right, prior to any pop the stack shouldn’t be empty, which means the number of S’s is always greater than or equal to that of X’s. Hence the condition is at any stage of processing of the string, the number of push operations (S) should be greater than the number of pop operations (X). Problem-21  Suppose there are two singly linked lists which intersect at some point and become a single linked list. The head or start pointers of both the lists are known, but the intersecting node is not known. Also, the number of nodes in each of the lists before they intersect are unknown and both lists may have a different number. List1 may have n nodes before it reaches the intersection point and List2 may have m nodes before it reaches the intersection point where m and n may be m = n,m < n or m > n. Can we find the merging point using stacks? Solution: Yes. For algorithm refer to Linked Lists chapter. Problem-22  Finding Sp
Answer: Given an array A, the span S[i] of A[i] is the maximum number of consecutive elements A[j] immediately preceding A[i] and such that A[j] < A[i]? Other way of asking: Given an array A of integers, find the maximum of j – i subjected to the constraint of A[i] < A[j]. Solution:

Question: X indicates a pop operation, and with the stack initially empty, formulate a rule to check whether a given string 5 of operations is admissible or not? Solution: Given a string of length 2n, we wish to check whether the given string of operations is permissible or not with respect to its functioning on a stack. The only restricted operation is pop whose prior requirement is that the stack should not be empty. So while traversing the string from left to right, prior to any pop the stack shouldn’t be empty, which means the number of S’s is always greater than or equal to that of X’s. Hence the condition is at any stage of processing of the string, the number of push operations (S) should be greater than the number of pop operations (X). Problem-21  Suppose there are two singly linked lists which intersect at some point and become a single linked list. The head or start pointers of both the lists are known, but the intersecting node is not known. Also, the number of nodes in each of the lists before they intersect are unknown and both lists may have a different number. List1 may have n nodes before it reaches the intersection point and List2 may have m nodes before it reaches the intersection point where m and n may be m = n,m < n or m > n. Can we find the merging point using stacks? Solution: Yes. For algorithm refer to Linked Lists chapter. Problem-22  Finding Sp
Answer: Given an array A, the span S[i] of A[i] is the maximum number of consecutive elements A[j] immediately preceding A[i] and such that A[j] < A[i]? Other way of asking: Given an array A of integers, find the maximum of j – i subjected to the constraint of A[i] < A[j]. Solution:

Question: X indicates a pop operation, and with the stack initially empty, formulate a rule to check whether a given string 5 of operations is admissible or not? Solution: Given a string of length 2n, we wish to check whether the given string of operations is permissible or not with respect to its functioning on a stack. The only restricted operation is pop whose prior requirement is that the stack should not be empty. So while traversing the string from left to right, prior to any pop the stack shouldn’t be empty, which means the number of S’s is always greater than or equal to that of X’s. Hence the condition is at any stage of processing of the string, the number of push operations (S) should be greater than the number of pop operations (X). Problem-21  Suppose there are two singly linked lists which intersect at some point and become a single linked list. The head or start pointers of both the lists are known, but the intersecting node is not known. Also, the number of nodes in each of the lists before they intersect are unknown and both lists may have a different number. List1 may have n nodes before it reaches the intersection point and List2 may have m nodes before it reaches the intersection point where m and n may be m = n,m < n or m > n. Can we find the merging point using stacks? Solution: Yes. For algorithm refer to Linked Lists chapter. Problem-22  Finding Sp
Answer: Given an array A, the span S[i] of A[i] is the maximum number of consecutive elements A[j] immediately preceding A[i] and such that A[j] < A[i]? Other way of asking: Given an array A of integers, find the maximum of j – i subjected to the constraint of A[i] < A[j]. Solution:

Question: X indicates a pop operation, and with the stack initially empty, formulate a rule to check whether a given string 5 of operations is admissible or not? Solution: Given a string of length 2n, we wish to check whether the given string of operations is permissible or not with respect to its functioning on a stack. The only restricted operation is pop whose prior requirement is that the stack should not be empty. So while traversing the string from left to right, prior to any pop the stack shouldn’t be empty, which means the number of S’s is always greater than or equal to that of X’s. Hence the condition is at any stage of processing of the string, the number of push operations (S) should be greater than the number of pop operations (X). Problem-21  Suppose there are two singly linked lists which intersect at some point and become a single linked list. The head or start pointers of both the lists are known, but the intersecting node is not known. Also, the number of nodes in each of the lists before they intersect are unknown and both lists may have a different number. List1 may have n nodes before it reaches the intersection point and List2 may have m nodes before it reaches the intersection point where m and n may be m = n,m < n or m > n. Can we find the merging point using stacks? Solution: Yes. For algorithm refer to Linked Lists chapter. Problem-22  Finding Sp
Answer: Given an array A, the span S[i] of A[i] is the maximum number of consecutive elements A[j] immediately preceding A[i] and such that A[j] < A[i]? Other way of asking: Given an array A of integers, find the maximum of j – i subjected to the constraint of A[i] < A[j]. Solution:","- Definition: Searching is the process of finding a specific element or value within a data structure, such as an array, linked list, or tree.

- Explanation: Searching involves traversing the data structure and comparing the target element with each element in the structure until a match is found. The search can be linear, where each element is checked one by one, or it can be more complex, using algorithms like binary search or hash tables.

- Example: Consider a simple array of integers: [3, 5, 2, 7, 1]. If we want to find the element 7, we can start from the beginning of the array and compare each element with 7 until we find it.

- Time Complexity: The time complexity of searching depends on the algorithm used. For linear search, the time complexity is O(n), where n is the number of elements in the data structure. For binary search, the time complexity is O(log n).

- Space Complexity: The space complexity of searching is typically O(1), as we only need to store the target element and the current element being compared.

- Use Cases: Searching is a fundamental operation in many applications, such as:
  * Database queries: Searching for specific data in a database.
  * File systems: Searching for files or directories.
  * Web search engines: Searching for web pages or keywords.
  * Data analysis: Searching for patterns or trends in data.","{""sections"": [""General"", ""Stack""], ""pages"": [195, 124]}"
22,"Question: returning M- n + 1th key value from the hash table. Time Complexity: Time for creating the hash table, T(m) = O(m). Space Complexity: Since we need to create a hash table of size m, O(m). Problem-4  Can we use the Problem-3 approach for solving Problem-2 without creating the hash table? Solution: Yes. If we observe the Problem-3 solution, what we are actually doing is finding the size of the linked list. That means we are using the hash table to find the size of the linked list. We can find the length of the linked list just by starting at the head node and traversing the list. So, we can find the length of the list without creating the hash table. After finding the length, compute M – n + 1 and with one more scan we can get the M – n+ 1th node from the beginning. This solution needs two sc
Answer: one for finding the length of the list and the other for finding M – n+ 1th node from the beginning. Time Complexity: Time for finding the length + Time for finding the M – n + 1th node from the beginning. Therefore, T(n) = O(n) + O(n) ≈ O(n). Space Complexity: O(1). Hence, no need to create the hash table. Problem-5  Can we solve Problem-2 in one scan? Solution: Yes. Efficient Approach: Use two pointers pNthNode and pTemp. Initially, both point to head node of the list. pNthNode starts moving only after pTemp has made n moves. From there both move forward until pTemp reaches the end of the list. As a result pNthNode points to nth node from the end of the linked list. Note: At any point of time both move one node at a time.

Question: X indicates a pop operation, and with the stack initially empty, formulate a rule to check whether a given string 5 of operations is admissible or not? Solution: Given a string of length 2n, we wish to check whether the given string of operations is permissible or not with respect to its functioning on a stack. The only restricted operation is pop whose prior requirement is that the stack should not be empty. So while traversing the string from left to right, prior to any pop the stack shouldn’t be empty, which means the number of S’s is always greater than or equal to that of X’s. Hence the condition is at any stage of processing of the string, the number of push operations (S) should be greater than the number of pop operations (X). Problem-21  Suppose there are two singly linked lists which intersect at some point and become a single linked list. The head or start pointers of both the lists are known, but the intersecting node is not known. Also, the number of nodes in each of the lists before they intersect are unknown and both lists may have a different number. List1 may have n nodes before it reaches the intersection point and List2 may have m nodes before it reaches the intersection point where m and n may be m = n,m < n or m > n. Can we find the merging point using stacks? Solution: Yes. For algorithm refer to Linked Lists chapter. Problem-22  Finding Sp
Answer: Given an array A, the span S[i] of A[i] is the maximum number of consecutive elements A[j] immediately preceding A[i] and such that A[j] < A[i]? Other way of asking: Given an array A of integers, find the maximum of j – i subjected to the constraint of A[i] < A[j]. Solution:

Question: X indicates a pop operation, and with the stack initially empty, formulate a rule to check whether a given string 5 of operations is admissible or not? Solution: Given a string of length 2n, we wish to check whether the given string of operations is permissible or not with respect to its functioning on a stack. The only restricted operation is pop whose prior requirement is that the stack should not be empty. So while traversing the string from left to right, prior to any pop the stack shouldn’t be empty, which means the number of S’s is always greater than or equal to that of X’s. Hence the condition is at any stage of processing of the string, the number of push operations (S) should be greater than the number of pop operations (X). Problem-21  Suppose there are two singly linked lists which intersect at some point and become a single linked list. The head or start pointers of both the lists are known, but the intersecting node is not known. Also, the number of nodes in each of the lists before they intersect are unknown and both lists may have a different number. List1 may have n nodes before it reaches the intersection point and List2 may have m nodes before it reaches the intersection point where m and n may be m = n,m < n or m > n. Can we find the merging point using stacks? Solution: Yes. For algorithm refer to Linked Lists chapter. Problem-22  Finding Sp
Answer: Given an array A, the span S[i] of A[i] is the maximum number of consecutive elements A[j] immediately preceding A[i] and such that A[j] < A[i]? Other way of asking: Given an array A of integers, find the maximum of j – i subjected to the constraint of A[i] < A[j]. Solution:

Question: X indicates a pop operation, and with the stack initially empty, formulate a rule to check whether a given string 5 of operations is admissible or not? Solution: Given a string of length 2n, we wish to check whether the given string of operations is permissible or not with respect to its functioning on a stack. The only restricted operation is pop whose prior requirement is that the stack should not be empty. So while traversing the string from left to right, prior to any pop the stack shouldn’t be empty, which means the number of S’s is always greater than or equal to that of X’s. Hence the condition is at any stage of processing of the string, the number of push operations (S) should be greater than the number of pop operations (X). Problem-21  Suppose there are two singly linked lists which intersect at some point and become a single linked list. The head or start pointers of both the lists are known, but the intersecting node is not known. Also, the number of nodes in each of the lists before they intersect are unknown and both lists may have a different number. List1 may have n nodes before it reaches the intersection point and List2 may have m nodes before it reaches the intersection point where m and n may be m = n,m < n or m > n. Can we find the merging point using stacks? Solution: Yes. For algorithm refer to Linked Lists chapter. Problem-22  Finding Sp
Answer: Given an array A, the span S[i] of A[i] is the maximum number of consecutive elements A[j] immediately preceding A[i] and such that A[j] < A[i]? Other way of asking: Given an array A of integers, find the maximum of j – i subjected to the constraint of A[i] < A[j]. Solution:

Question: X indicates a pop operation, and with the stack initially empty, formulate a rule to check whether a given string 5 of operations is admissible or not? Solution: Given a string of length 2n, we wish to check whether the given string of operations is permissible or not with respect to its functioning on a stack. The only restricted operation is pop whose prior requirement is that the stack should not be empty. So while traversing the string from left to right, prior to any pop the stack shouldn’t be empty, which means the number of S’s is always greater than or equal to that of X’s. Hence the condition is at any stage of processing of the string, the number of push operations (S) should be greater than the number of pop operations (X). Problem-21  Suppose there are two singly linked lists which intersect at some point and become a single linked list. The head or start pointers of both the lists are known, but the intersecting node is not known. Also, the number of nodes in each of the lists before they intersect are unknown and both lists may have a different number. List1 may have n nodes before it reaches the intersection point and List2 may have m nodes before it reaches the intersection point where m and n may be m = n,m < n or m > n. Can we find the merging point using stacks? Solution: Yes. For algorithm refer to Linked Lists chapter. Problem-22  Finding Sp
Answer: Given an array A, the span S[i] of A[i] is the maximum number of consecutive elements A[j] immediately preceding A[i] and such that A[j] < A[i]? Other way of asking: Given an array A of integers, find the maximum of j – i subjected to the constraint of A[i] < A[j]. Solution:","- Definition: Linear search is a simple searching algorithm that works by iterating through each element in a list until it finds a match for the target value.

- Explanation: Linear search is a basic searching algorithm that checks each element in a list one by one until it finds the target value. It starts from the first element and checks each subsequent element until it reaches the end of the list.

- Example: Suppose we have a list of numbers [3, 6, 1, 8, 2, 4] and we want to find the number 8. A linear search algorithm would start from the first element (3) and check each subsequent element until it finds the number 8.

- Time Complexity: The time complexity of linear search is O(n), where n is the number of elements in the list. This is because in the worst-case scenario, the algorithm has to check each element in the list.

- Space Complexity: The space complexity of linear search is O(1), which means it requires a constant amount of space to perform the search.

- Use Cases: Linear search is useful when the list is small or when the list is unsorted. It is also useful when the list is dynamic and elements are frequently added or removed. However, for large lists or sorted lists, other searching algorithms like binary search may be more efficient.","{""sections"": [""General"", ""Stack""], ""pages"": [195, 124]}"
23,"Question: returning M- n + 1th key value from the hash table. Time Complexity: Time for creating the hash table, T(m) = O(m). Space Complexity: Since we need to create a hash table of size m, O(m). Problem-4  Can we use the Problem-3 approach for solving Problem-2 without creating the hash table? Solution: Yes. If we observe the Problem-3 solution, what we are actually doing is finding the size of the linked list. That means we are using the hash table to find the size of the linked list. We can find the length of the linked list just by starting at the head node and traversing the list. So, we can find the length of the list without creating the hash table. After finding the length, compute M – n + 1 and with one more scan we can get the M – n+ 1th node from the beginning. This solution needs two sc
Answer: one for finding the length of the list and the other for finding M – n+ 1th node from the beginning. Time Complexity: Time for finding the length + Time for finding the M – n + 1th node from the beginning. Therefore, T(n) = O(n) + O(n) ≈ O(n). Space Complexity: O(1). Hence, no need to create the hash table. Problem-5  Can we solve Problem-2 in one scan? Solution: Yes. Efficient Approach: Use two pointers pNthNode and pTemp. Initially, both point to head node of the list. pNthNode starts moving only after pTemp has made n moves. From there both move forward until pTemp reaches the end of the list. As a result pNthNode points to nth node from the end of the linked list. Note: At any point of time both move one node at a time.

Question: X indicates a pop operation, and with the stack initially empty, formulate a rule to check whether a given string 5 of operations is admissible or not? Solution: Given a string of length 2n, we wish to check whether the given string of operations is permissible or not with respect to its functioning on a stack. The only restricted operation is pop whose prior requirement is that the stack should not be empty. So while traversing the string from left to right, prior to any pop the stack shouldn’t be empty, which means the number of S’s is always greater than or equal to that of X’s. Hence the condition is at any stage of processing of the string, the number of push operations (S) should be greater than the number of pop operations (X). Problem-21  Suppose there are two singly linked lists which intersect at some point and become a single linked list. The head or start pointers of both the lists are known, but the intersecting node is not known. Also, the number of nodes in each of the lists before they intersect are unknown and both lists may have a different number. List1 may have n nodes before it reaches the intersection point and List2 may have m nodes before it reaches the intersection point where m and n may be m = n,m < n or m > n. Can we find the merging point using stacks? Solution: Yes. For algorithm refer to Linked Lists chapter. Problem-22  Finding Sp
Answer: Given an array A, the span S[i] of A[i] is the maximum number of consecutive elements A[j] immediately preceding A[i] and such that A[j] < A[i]? Other way of asking: Given an array A of integers, find the maximum of j – i subjected to the constraint of A[i] < A[j]. Solution:

Question: X indicates a pop operation, and with the stack initially empty, formulate a rule to check whether a given string 5 of operations is admissible or not? Solution: Given a string of length 2n, we wish to check whether the given string of operations is permissible or not with respect to its functioning on a stack. The only restricted operation is pop whose prior requirement is that the stack should not be empty. So while traversing the string from left to right, prior to any pop the stack shouldn’t be empty, which means the number of S’s is always greater than or equal to that of X’s. Hence the condition is at any stage of processing of the string, the number of push operations (S) should be greater than the number of pop operations (X). Problem-21  Suppose there are two singly linked lists which intersect at some point and become a single linked list. The head or start pointers of both the lists are known, but the intersecting node is not known. Also, the number of nodes in each of the lists before they intersect are unknown and both lists may have a different number. List1 may have n nodes before it reaches the intersection point and List2 may have m nodes before it reaches the intersection point where m and n may be m = n,m < n or m > n. Can we find the merging point using stacks? Solution: Yes. For algorithm refer to Linked Lists chapter. Problem-22  Finding Sp
Answer: Given an array A, the span S[i] of A[i] is the maximum number of consecutive elements A[j] immediately preceding A[i] and such that A[j] < A[i]? Other way of asking: Given an array A of integers, find the maximum of j – i subjected to the constraint of A[i] < A[j]. Solution:

Question: X indicates a pop operation, and with the stack initially empty, formulate a rule to check whether a given string 5 of operations is admissible or not? Solution: Given a string of length 2n, we wish to check whether the given string of operations is permissible or not with respect to its functioning on a stack. The only restricted operation is pop whose prior requirement is that the stack should not be empty. So while traversing the string from left to right, prior to any pop the stack shouldn’t be empty, which means the number of S’s is always greater than or equal to that of X’s. Hence the condition is at any stage of processing of the string, the number of push operations (S) should be greater than the number of pop operations (X). Problem-21  Suppose there are two singly linked lists which intersect at some point and become a single linked list. The head or start pointers of both the lists are known, but the intersecting node is not known. Also, the number of nodes in each of the lists before they intersect are unknown and both lists may have a different number. List1 may have n nodes before it reaches the intersection point and List2 may have m nodes before it reaches the intersection point where m and n may be m = n,m < n or m > n. Can we find the merging point using stacks? Solution: Yes. For algorithm refer to Linked Lists chapter. Problem-22  Finding Sp
Answer: Given an array A, the span S[i] of A[i] is the maximum number of consecutive elements A[j] immediately preceding A[i] and such that A[j] < A[i]? Other way of asking: Given an array A of integers, find the maximum of j – i subjected to the constraint of A[i] < A[j]. Solution:

Question: X indicates a pop operation, and with the stack initially empty, formulate a rule to check whether a given string 5 of operations is admissible or not? Solution: Given a string of length 2n, we wish to check whether the given string of operations is permissible or not with respect to its functioning on a stack. The only restricted operation is pop whose prior requirement is that the stack should not be empty. So while traversing the string from left to right, prior to any pop the stack shouldn’t be empty, which means the number of S’s is always greater than or equal to that of X’s. Hence the condition is at any stage of processing of the string, the number of push operations (S) should be greater than the number of pop operations (X). Problem-21  Suppose there are two singly linked lists which intersect at some point and become a single linked list. The head or start pointers of both the lists are known, but the intersecting node is not known. Also, the number of nodes in each of the lists before they intersect are unknown and both lists may have a different number. List1 may have n nodes before it reaches the intersection point and List2 may have m nodes before it reaches the intersection point where m and n may be m = n,m < n or m > n. Can we find the merging point using stacks? Solution: Yes. For algorithm refer to Linked Lists chapter. Problem-22  Finding Sp
Answer: Given an array A, the span S[i] of A[i] is the maximum number of consecutive elements A[j] immediately preceding A[i] and such that A[j] < A[i]? Other way of asking: Given an array A of integers, find the maximum of j – i subjected to the constraint of A[i] < A[j]. Solution:","- Definition: Binary search is an efficient algorithm for finding an item from a sorted list of items. It works by repeatedly dividing in half the portion of the list that could contain the item, until you've narrowed down the possible locations to just one.

- Explanation: Binary search starts by finding the middle element of the list and comparing it to the target value. If the target value is less than the middle element, the algorithm repeats the process on the left half of the list. If the target value is greater than the middle element, the algorithm repeats the process on the right half of the list. This process continues until the target value is found or the list is exhausted.

- Example: Suppose we have a sorted list of integers: [1, 2, 3, 4, 5, 6, 7, 8, 9]. We want to find the number 5 using binary search. We start by finding the middle element, which is 5. We compare 5 to the target value, which is also 5. Since they are equal, we have found the target value.

- Time Complexity: The time complexity of binary search is O(log n), where n is the number of elements in the list. This is because the algorithm divides the list in half at each step, reducing the number of elements to search by half.

- Space Complexity: The space complexity of binary search is O(1), which means it uses a constant amount of space. This is because the algorithm only needs to keep track of the current middle element and the target value.

- Use Cases: Binary search is commonly used in many applications, such as:
  * Database query optimization
  * File system search
  * Web search engines
  * Compilers
  * Data compression algorithms","{""sections"": [""General"", ""Stack""], ""pages"": [195, 124]}"
24,"Question: returning M- n + 1th key value from the hash table. Time Complexity: Time for creating the hash table, T(m) = O(m). Space Complexity: Since we need to create a hash table of size m, O(m). Problem-4  Can we use the Problem-3 approach for solving Problem-2 without creating the hash table? Solution: Yes. If we observe the Problem-3 solution, what we are actually doing is finding the size of the linked list. That means we are using the hash table to find the size of the linked list. We can find the length of the linked list just by starting at the head node and traversing the list. So, we can find the length of the list without creating the hash table. After finding the length, compute M – n + 1 and with one more scan we can get the M – n+ 1th node from the beginning. This solution needs two sc
Answer: one for finding the length of the list and the other for finding M – n+ 1th node from the beginning. Time Complexity: Time for finding the length + Time for finding the M – n + 1th node from the beginning. Therefore, T(n) = O(n) + O(n) ≈ O(n). Space Complexity: O(1). Hence, no need to create the hash table. Problem-5  Can we solve Problem-2 in one scan? Solution: Yes. Efficient Approach: Use two pointers pNthNode and pTemp. Initially, both point to head node of the list. pNthNode starts moving only after pTemp has made n moves. From there both move forward until pTemp reaches the end of the list. As a result pNthNode points to nth node from the end of the linked list. Note: At any point of time both move one node at a time.

Question: X indicates a pop operation, and with the stack initially empty, formulate a rule to check whether a given string 5 of operations is admissible or not? Solution: Given a string of length 2n, we wish to check whether the given string of operations is permissible or not with respect to its functioning on a stack. The only restricted operation is pop whose prior requirement is that the stack should not be empty. So while traversing the string from left to right, prior to any pop the stack shouldn’t be empty, which means the number of S’s is always greater than or equal to that of X’s. Hence the condition is at any stage of processing of the string, the number of push operations (S) should be greater than the number of pop operations (X). Problem-21  Suppose there are two singly linked lists which intersect at some point and become a single linked list. The head or start pointers of both the lists are known, but the intersecting node is not known. Also, the number of nodes in each of the lists before they intersect are unknown and both lists may have a different number. List1 may have n nodes before it reaches the intersection point and List2 may have m nodes before it reaches the intersection point where m and n may be m = n,m < n or m > n. Can we find the merging point using stacks? Solution: Yes. For algorithm refer to Linked Lists chapter. Problem-22  Finding Sp
Answer: Given an array A, the span S[i] of A[i] is the maximum number of consecutive elements A[j] immediately preceding A[i] and such that A[j] < A[i]? Other way of asking: Given an array A of integers, find the maximum of j – i subjected to the constraint of A[i] < A[j]. Solution:

Question: X indicates a pop operation, and with the stack initially empty, formulate a rule to check whether a given string 5 of operations is admissible or not? Solution: Given a string of length 2n, we wish to check whether the given string of operations is permissible or not with respect to its functioning on a stack. The only restricted operation is pop whose prior requirement is that the stack should not be empty. So while traversing the string from left to right, prior to any pop the stack shouldn’t be empty, which means the number of S’s is always greater than or equal to that of X’s. Hence the condition is at any stage of processing of the string, the number of push operations (S) should be greater than the number of pop operations (X). Problem-21  Suppose there are two singly linked lists which intersect at some point and become a single linked list. The head or start pointers of both the lists are known, but the intersecting node is not known. Also, the number of nodes in each of the lists before they intersect are unknown and both lists may have a different number. List1 may have n nodes before it reaches the intersection point and List2 may have m nodes before it reaches the intersection point where m and n may be m = n,m < n or m > n. Can we find the merging point using stacks? Solution: Yes. For algorithm refer to Linked Lists chapter. Problem-22  Finding Sp
Answer: Given an array A, the span S[i] of A[i] is the maximum number of consecutive elements A[j] immediately preceding A[i] and such that A[j] < A[i]? Other way of asking: Given an array A of integers, find the maximum of j – i subjected to the constraint of A[i] < A[j]. Solution:

Question: X indicates a pop operation, and with the stack initially empty, formulate a rule to check whether a given string 5 of operations is admissible or not? Solution: Given a string of length 2n, we wish to check whether the given string of operations is permissible or not with respect to its functioning on a stack. The only restricted operation is pop whose prior requirement is that the stack should not be empty. So while traversing the string from left to right, prior to any pop the stack shouldn’t be empty, which means the number of S’s is always greater than or equal to that of X’s. Hence the condition is at any stage of processing of the string, the number of push operations (S) should be greater than the number of pop operations (X). Problem-21  Suppose there are two singly linked lists which intersect at some point and become a single linked list. The head or start pointers of both the lists are known, but the intersecting node is not known. Also, the number of nodes in each of the lists before they intersect are unknown and both lists may have a different number. List1 may have n nodes before it reaches the intersection point and List2 may have m nodes before it reaches the intersection point where m and n may be m = n,m < n or m > n. Can we find the merging point using stacks? Solution: Yes. For algorithm refer to Linked Lists chapter. Problem-22  Finding Sp
Answer: Given an array A, the span S[i] of A[i] is the maximum number of consecutive elements A[j] immediately preceding A[i] and such that A[j] < A[i]? Other way of asking: Given an array A of integers, find the maximum of j – i subjected to the constraint of A[i] < A[j]. Solution:

Question: X indicates a pop operation, and with the stack initially empty, formulate a rule to check whether a given string 5 of operations is admissible or not? Solution: Given a string of length 2n, we wish to check whether the given string of operations is permissible or not with respect to its functioning on a stack. The only restricted operation is pop whose prior requirement is that the stack should not be empty. So while traversing the string from left to right, prior to any pop the stack shouldn’t be empty, which means the number of S’s is always greater than or equal to that of X’s. Hence the condition is at any stage of processing of the string, the number of push operations (S) should be greater than the number of pop operations (X). Problem-21  Suppose there are two singly linked lists which intersect at some point and become a single linked list. The head or start pointers of both the lists are known, but the intersecting node is not known. Also, the number of nodes in each of the lists before they intersect are unknown and both lists may have a different number. List1 may have n nodes before it reaches the intersection point and List2 may have m nodes before it reaches the intersection point where m and n may be m = n,m < n or m > n. Can we find the merging point using stacks? Solution: Yes. For algorithm refer to Linked Lists chapter. Problem-22  Finding Sp
Answer: Given an array A, the span S[i] of A[i] is the maximum number of consecutive elements A[j] immediately preceding A[i] and such that A[j] < A[i]? Other way of asking: Given an array A of integers, find the maximum of j – i subjected to the constraint of A[i] < A[j]. Solution:","- Definition: Binary search is an efficient algorithm for finding an item from a sorted list of items. It works by repeatedly dividing in half the portion of the list that could contain the item, until you've narrowed down the possible locations to just one.

- Explanation: Binary search starts by finding the middle element of the list and comparing it to the target value. If the target value is less than the middle element, the algorithm repeats the process with the left half of the list. If the target value is greater than the middle element, the algorithm repeats the process with the right half of the list. This process continues until the target value is found or the list is exhausted.

- Example: Suppose we have a sorted list of integers: [1, 2, 3, 4, 5, 6, 7, 8, 9]. We want to find the number 5 using binary search. The algorithm starts by finding the middle element, which is 5. Since the target value is equal to the middle element, the algorithm returns the index of the middle element.

- Time Complexity: The time complexity of binary search is O(log n), where n is the number of elements in the list. This is because the algorithm divides the list in half with each iteration, resulting in a logarithmic number of steps.

- Space Complexity: The space complexity of binary search is O(1), which means the algorithm uses a constant amount of space. This is because the algorithm only needs to keep track of the current middle element and the target value.

- Use Cases: Binary search is commonly used in many applications, such as:
  * Database query optimization
  * File system search
  * Web search engines
  * Compilers
  * Scientific computing","{""sections"": [""General"", ""Stack""], ""pages"": [195, 124]}"
25,,Not found in the provided textbook.,"{""sections"": [], ""pages"": []}"
26,,Not found in the provided textbook.,"{""sections"": [], ""pages"": []}"
27,,Not found in the provided textbook.,"{""sections"": [], ""pages"": []}"
28,"Question: returning M- n + 1th key value from the hash table. Time Complexity: Time for creating the hash table, T(m) = O(m). Space Complexity: Since we need to create a hash table of size m, O(m). Problem-4  Can we use the Problem-3 approach for solving Problem-2 without creating the hash table? Solution: Yes. If we observe the Problem-3 solution, what we are actually doing is finding the size of the linked list. That means we are using the hash table to find the size of the linked list. We can find the length of the linked list just by starting at the head node and traversing the list. So, we can find the length of the list without creating the hash table. After finding the length, compute M – n + 1 and with one more scan we can get the M – n+ 1th node from the beginning. This solution needs two sc
Answer: one for finding the length of the list and the other for finding M – n+ 1th node from the beginning. Time Complexity: Time for finding the length + Time for finding the M – n + 1th node from the beginning. Therefore, T(n) = O(n) + O(n) ≈ O(n). Space Complexity: O(1). Hence, no need to create the hash table. Problem-5  Can we solve Problem-2 in one scan? Solution: Yes. Efficient Approach: Use two pointers pNthNode and pTemp. Initially, both point to head node of the list. pNthNode starts moving only after pTemp has made n moves. From there both move forward until pTemp reaches the end of the list. As a result pNthNode points to nth node from the end of the linked list. Note: At any point of time both move one node at a time.

Question: X indicates a pop operation, and with the stack initially empty, formulate a rule to check whether a given string 5 of operations is admissible or not? Solution: Given a string of length 2n, we wish to check whether the given string of operations is permissible or not with respect to its functioning on a stack. The only restricted operation is pop whose prior requirement is that the stack should not be empty. So while traversing the string from left to right, prior to any pop the stack shouldn’t be empty, which means the number of S’s is always greater than or equal to that of X’s. Hence the condition is at any stage of processing of the string, the number of push operations (S) should be greater than the number of pop operations (X). Problem-21  Suppose there are two singly linked lists which intersect at some point and become a single linked list. The head or start pointers of both the lists are known, but the intersecting node is not known. Also, the number of nodes in each of the lists before they intersect are unknown and both lists may have a different number. List1 may have n nodes before it reaches the intersection point and List2 may have m nodes before it reaches the intersection point where m and n may be m = n,m < n or m > n. Can we find the merging point using stacks? Solution: Yes. For algorithm refer to Linked Lists chapter. Problem-22  Finding Sp
Answer: Given an array A, the span S[i] of A[i] is the maximum number of consecutive elements A[j] immediately preceding A[i] and such that A[j] < A[i]? Other way of asking: Given an array A of integers, find the maximum of j – i subjected to the constraint of A[i] < A[j]. Solution:

Question: X indicates a pop operation, and with the stack initially empty, formulate a rule to check whether a given string 5 of operations is admissible or not? Solution: Given a string of length 2n, we wish to check whether the given string of operations is permissible or not with respect to its functioning on a stack. The only restricted operation is pop whose prior requirement is that the stack should not be empty. So while traversing the string from left to right, prior to any pop the stack shouldn’t be empty, which means the number of S’s is always greater than or equal to that of X’s. Hence the condition is at any stage of processing of the string, the number of push operations (S) should be greater than the number of pop operations (X). Problem-21  Suppose there are two singly linked lists which intersect at some point and become a single linked list. The head or start pointers of both the lists are known, but the intersecting node is not known. Also, the number of nodes in each of the lists before they intersect are unknown and both lists may have a different number. List1 may have n nodes before it reaches the intersection point and List2 may have m nodes before it reaches the intersection point where m and n may be m = n,m < n or m > n. Can we find the merging point using stacks? Solution: Yes. For algorithm refer to Linked Lists chapter. Problem-22  Finding Sp
Answer: Given an array A, the span S[i] of A[i] is the maximum number of consecutive elements A[j] immediately preceding A[i] and such that A[j] < A[i]? Other way of asking: Given an array A of integers, find the maximum of j – i subjected to the constraint of A[i] < A[j]. Solution:

Question: X indicates a pop operation, and with the stack initially empty, formulate a rule to check whether a given string 5 of operations is admissible or not? Solution: Given a string of length 2n, we wish to check whether the given string of operations is permissible or not with respect to its functioning on a stack. The only restricted operation is pop whose prior requirement is that the stack should not be empty. So while traversing the string from left to right, prior to any pop the stack shouldn’t be empty, which means the number of S’s is always greater than or equal to that of X’s. Hence the condition is at any stage of processing of the string, the number of push operations (S) should be greater than the number of pop operations (X). Problem-21  Suppose there are two singly linked lists which intersect at some point and become a single linked list. The head or start pointers of both the lists are known, but the intersecting node is not known. Also, the number of nodes in each of the lists before they intersect are unknown and both lists may have a different number. List1 may have n nodes before it reaches the intersection point and List2 may have m nodes before it reaches the intersection point where m and n may be m = n,m < n or m > n. Can we find the merging point using stacks? Solution: Yes. For algorithm refer to Linked Lists chapter. Problem-22  Finding Sp
Answer: Given an array A, the span S[i] of A[i] is the maximum number of consecutive elements A[j] immediately preceding A[i] and such that A[j] < A[i]? Other way of asking: Given an array A of integers, find the maximum of j – i subjected to the constraint of A[i] < A[j]. Solution:

Question: X indicates a pop operation, and with the stack initially empty, formulate a rule to check whether a given string 5 of operations is admissible or not? Solution: Given a string of length 2n, we wish to check whether the given string of operations is permissible or not with respect to its functioning on a stack. The only restricted operation is pop whose prior requirement is that the stack should not be empty. So while traversing the string from left to right, prior to any pop the stack shouldn’t be empty, which means the number of S’s is always greater than or equal to that of X’s. Hence the condition is at any stage of processing of the string, the number of push operations (S) should be greater than the number of pop operations (X). Problem-21  Suppose there are two singly linked lists which intersect at some point and become a single linked list. The head or start pointers of both the lists are known, but the intersecting node is not known. Also, the number of nodes in each of the lists before they intersect are unknown and both lists may have a different number. List1 may have n nodes before it reaches the intersection point and List2 may have m nodes before it reaches the intersection point where m and n may be m = n,m < n or m > n. Can we find the merging point using stacks? Solution: Yes. For algorithm refer to Linked Lists chapter. Problem-22  Finding Sp
Answer: Given an array A, the span S[i] of A[i] is the maximum number of consecutive elements A[j] immediately preceding A[i] and such that A[j] < A[i]? Other way of asking: Given an array A of integers, find the maximum of j – i subjected to the constraint of A[i] < A[j]. Solution:","- Definition: Insertion sort is a simple sorting algorithm that works by dividing the input into a sorted and an unsorted region. Each subsequent element from the unsorted region is inserted into the sorted region in its correct position.

- Explanation: The algorithm starts with the first element as the sorted region. Then, for each subsequent element, it compares it with the elements in the sorted region and inserts it in its correct position. This process continues until the entire array is sorted.

- Example: Suppose we have the following array: [5, 2, 8, 3, 1, 6, 4]. The insertion sort algorithm will sort this array as follows:
  - Start with the first element: [5]
  - Insert the second element: [2, 5]
  - Insert the third element: [2, 5, 8]
  - Insert the fourth element: [2, 3, 5, 8]
  - Insert the fifth element: [1, 2, 3, 5, 8]
  - Insert the sixth element: [1, 2, 3, 5, 6, 8]
  - Insert the seventh element: [1, 2, 3, 4, 5, 6, 8]

- Time Complexity: The time complexity of insertion sort is O(n^2) in the worst case, where n is the number of elements in the array. However, if the array is already sorted, the time complexity is O(n).

- Space Complexity: The space complexity of insertion sort is O(1), as it only requires a constant amount of additional space to store the temporary elements.

- Use Cases: Insertion sort is suitable for small arrays or arrays that are already partially sorted. It is also a stable sorting algorithm, which means that it preserves the order of equal elements.","{""sections"": [""General"", ""Stack""], ""pages"": [195, 124]}"
29,"Question: returning M- n + 1th key value from the hash table. Time Complexity: Time for creating the hash table, T(m) = O(m). Space Complexity: Since we need to create a hash table of size m, O(m). Problem-4  Can we use the Problem-3 approach for solving Problem-2 without creating the hash table? Solution: Yes. If we observe the Problem-3 solution, what we are actually doing is finding the size of the linked list. That means we are using the hash table to find the size of the linked list. We can find the length of the linked list just by starting at the head node and traversing the list. So, we can find the length of the list without creating the hash table. After finding the length, compute M – n + 1 and with one more scan we can get the M – n+ 1th node from the beginning. This solution needs two sc
Answer: one for finding the length of the list and the other for finding M – n+ 1th node from the beginning. Time Complexity: Time for finding the length + Time for finding the M – n + 1th node from the beginning. Therefore, T(n) = O(n) + O(n) ≈ O(n). Space Complexity: O(1). Hence, no need to create the hash table. Problem-5  Can we solve Problem-2 in one scan? Solution: Yes. Efficient Approach: Use two pointers pNthNode and pTemp. Initially, both point to head node of the list. pNthNode starts moving only after pTemp has made n moves. From there both move forward until pTemp reaches the end of the list. As a result pNthNode points to nth node from the end of the linked list. Note: At any point of time both move one node at a time.

Question: X indicates a pop operation, and with the stack initially empty, formulate a rule to check whether a given string 5 of operations is admissible or not? Solution: Given a string of length 2n, we wish to check whether the given string of operations is permissible or not with respect to its functioning on a stack. The only restricted operation is pop whose prior requirement is that the stack should not be empty. So while traversing the string from left to right, prior to any pop the stack shouldn’t be empty, which means the number of S’s is always greater than or equal to that of X’s. Hence the condition is at any stage of processing of the string, the number of push operations (S) should be greater than the number of pop operations (X). Problem-21  Suppose there are two singly linked lists which intersect at some point and become a single linked list. The head or start pointers of both the lists are known, but the intersecting node is not known. Also, the number of nodes in each of the lists before they intersect are unknown and both lists may have a different number. List1 may have n nodes before it reaches the intersection point and List2 may have m nodes before it reaches the intersection point where m and n may be m = n,m < n or m > n. Can we find the merging point using stacks? Solution: Yes. For algorithm refer to Linked Lists chapter. Problem-22  Finding Sp
Answer: Given an array A, the span S[i] of A[i] is the maximum number of consecutive elements A[j] immediately preceding A[i] and such that A[j] < A[i]? Other way of asking: Given an array A of integers, find the maximum of j – i subjected to the constraint of A[i] < A[j]. Solution:

Question: X indicates a pop operation, and with the stack initially empty, formulate a rule to check whether a given string 5 of operations is admissible or not? Solution: Given a string of length 2n, we wish to check whether the given string of operations is permissible or not with respect to its functioning on a stack. The only restricted operation is pop whose prior requirement is that the stack should not be empty. So while traversing the string from left to right, prior to any pop the stack shouldn’t be empty, which means the number of S’s is always greater than or equal to that of X’s. Hence the condition is at any stage of processing of the string, the number of push operations (S) should be greater than the number of pop operations (X). Problem-21  Suppose there are two singly linked lists which intersect at some point and become a single linked list. The head or start pointers of both the lists are known, but the intersecting node is not known. Also, the number of nodes in each of the lists before they intersect are unknown and both lists may have a different number. List1 may have n nodes before it reaches the intersection point and List2 may have m nodes before it reaches the intersection point where m and n may be m = n,m < n or m > n. Can we find the merging point using stacks? Solution: Yes. For algorithm refer to Linked Lists chapter. Problem-22  Finding Sp
Answer: Given an array A, the span S[i] of A[i] is the maximum number of consecutive elements A[j] immediately preceding A[i] and such that A[j] < A[i]? Other way of asking: Given an array A of integers, find the maximum of j – i subjected to the constraint of A[i] < A[j]. Solution:

Question: X indicates a pop operation, and with the stack initially empty, formulate a rule to check whether a given string 5 of operations is admissible or not? Solution: Given a string of length 2n, we wish to check whether the given string of operations is permissible or not with respect to its functioning on a stack. The only restricted operation is pop whose prior requirement is that the stack should not be empty. So while traversing the string from left to right, prior to any pop the stack shouldn’t be empty, which means the number of S’s is always greater than or equal to that of X’s. Hence the condition is at any stage of processing of the string, the number of push operations (S) should be greater than the number of pop operations (X). Problem-21  Suppose there are two singly linked lists which intersect at some point and become a single linked list. The head or start pointers of both the lists are known, but the intersecting node is not known. Also, the number of nodes in each of the lists before they intersect are unknown and both lists may have a different number. List1 may have n nodes before it reaches the intersection point and List2 may have m nodes before it reaches the intersection point where m and n may be m = n,m < n or m > n. Can we find the merging point using stacks? Solution: Yes. For algorithm refer to Linked Lists chapter. Problem-22  Finding Sp
Answer: Given an array A, the span S[i] of A[i] is the maximum number of consecutive elements A[j] immediately preceding A[i] and such that A[j] < A[i]? Other way of asking: Given an array A of integers, find the maximum of j – i subjected to the constraint of A[i] < A[j]. Solution:

Question: X indicates a pop operation, and with the stack initially empty, formulate a rule to check whether a given string 5 of operations is admissible or not? Solution: Given a string of length 2n, we wish to check whether the given string of operations is permissible or not with respect to its functioning on a stack. The only restricted operation is pop whose prior requirement is that the stack should not be empty. So while traversing the string from left to right, prior to any pop the stack shouldn’t be empty, which means the number of S’s is always greater than or equal to that of X’s. Hence the condition is at any stage of processing of the string, the number of push operations (S) should be greater than the number of pop operations (X). Problem-21  Suppose there are two singly linked lists which intersect at some point and become a single linked list. The head or start pointers of both the lists are known, but the intersecting node is not known. Also, the number of nodes in each of the lists before they intersect are unknown and both lists may have a different number. List1 may have n nodes before it reaches the intersection point and List2 may have m nodes before it reaches the intersection point where m and n may be m = n,m < n or m > n. Can we find the merging point using stacks? Solution: Yes. For algorithm refer to Linked Lists chapter. Problem-22  Finding Sp
Answer: Given an array A, the span S[i] of A[i] is the maximum number of consecutive elements A[j] immediately preceding A[i] and such that A[j] < A[i]? Other way of asking: Given an array A of integers, find the maximum of j – i subjected to the constraint of A[i] < A[j]. Solution:","- **Definition**: Merge sort is a divide-and-conquer algorithm that splits a list of elements into two halves, recursively sorts each half, and then merges the two sorted halves into a single sorted list.

- **Explanation**: Merge sort works by dividing the list of elements into two halves until each half contains only one element. Then, it merges the halves back together in a sorted manner. The merge process involves comparing elements from each half and placing the smaller element into the final sorted list.

- **Example**: Suppose we have the following list of numbers: [5, 2, 8, 3, 1, 6, 4]. To sort this list using merge sort, we would first divide it into two halves: [5, 2, 8] and [3, 1, 6, 4]. We would then recursively sort each half, resulting in [2, 5, 8] and [1, 3, 4, 6]. Finally, we would merge the two sorted halves into a single sorted list: [1, 2, 3, 4, 5, 6, 8].

- **Time Complexity**: The time complexity of merge sort is O(n log n), where n is the number of elements in the list. This is because the algorithm divides the list in half at each level of recursion, resulting in log n levels. At each level, the algorithm merges the halves, which takes O(n) time.

- **Space Complexity**: The space complexity of merge sort is O(n), where n is the number of elements in the list. This is because the algorithm creates temporary arrays to store the merged halves.

- **Use Cases**: Merge sort is a stable sorting algorithm, meaning that it preserves the order of equal elements. It is also a relatively efficient algorithm, making it suitable for large datasets. However, it does require extra memory to store the temporary arrays, which can be","{""sections"": [""General"", ""Stack""], ""pages"": [195, 124]}"
30,,Not found in the provided textbook.,"{""sections"": [], ""pages"": []}"
31,,Not found in the provided textbook.,"{""sections"": [], ""pages"": []}"
32,,Not found in the provided textbook.,"{""sections"": [], ""pages"": []}"
33,,Not found in the provided textbook.,"{""sections"": [], ""pages"": []}"
34,"Question: returning M- n + 1th key value from the hash table. Time Complexity: Time for creating the hash table, T(m) = O(m). Space Complexity: Since we need to create a hash table of size m, O(m). Problem-4  Can we use the Problem-3 approach for solving Problem-2 without creating the hash table? Solution: Yes. If we observe the Problem-3 solution, what we are actually doing is finding the size of the linked list. That means we are using the hash table to find the size of the linked list. We can find the length of the linked list just by starting at the head node and traversing the list. So, we can find the length of the list without creating the hash table. After finding the length, compute M – n + 1 and with one more scan we can get the M – n+ 1th node from the beginning. This solution needs two sc
Answer: one for finding the length of the list and the other for finding M – n+ 1th node from the beginning. Time Complexity: Time for finding the length + Time for finding the M – n + 1th node from the beginning. Therefore, T(n) = O(n) + O(n) ≈ O(n). Space Complexity: O(1). Hence, no need to create the hash table. Problem-5  Can we solve Problem-2 in one scan? Solution: Yes. Efficient Approach: Use two pointers pNthNode and pTemp. Initially, both point to head node of the list. pNthNode starts moving only after pTemp has made n moves. From there both move forward until pTemp reaches the end of the list. As a result pNthNode points to nth node from the end of the linked list. Note: At any point of time both move one node at a time.

Question: X indicates a pop operation, and with the stack initially empty, formulate a rule to check whether a given string 5 of operations is admissible or not? Solution: Given a string of length 2n, we wish to check whether the given string of operations is permissible or not with respect to its functioning on a stack. The only restricted operation is pop whose prior requirement is that the stack should not be empty. So while traversing the string from left to right, prior to any pop the stack shouldn’t be empty, which means the number of S’s is always greater than or equal to that of X’s. Hence the condition is at any stage of processing of the string, the number of push operations (S) should be greater than the number of pop operations (X). Problem-21  Suppose there are two singly linked lists which intersect at some point and become a single linked list. The head or start pointers of both the lists are known, but the intersecting node is not known. Also, the number of nodes in each of the lists before they intersect are unknown and both lists may have a different number. List1 may have n nodes before it reaches the intersection point and List2 may have m nodes before it reaches the intersection point where m and n may be m = n,m < n or m > n. Can we find the merging point using stacks? Solution: Yes. For algorithm refer to Linked Lists chapter. Problem-22  Finding Sp
Answer: Given an array A, the span S[i] of A[i] is the maximum number of consecutive elements A[j] immediately preceding A[i] and such that A[j] < A[i]? Other way of asking: Given an array A of integers, find the maximum of j – i subjected to the constraint of A[i] < A[j]. Solution:

Question: X indicates a pop operation, and with the stack initially empty, formulate a rule to check whether a given string 5 of operations is admissible or not? Solution: Given a string of length 2n, we wish to check whether the given string of operations is permissible or not with respect to its functioning on a stack. The only restricted operation is pop whose prior requirement is that the stack should not be empty. So while traversing the string from left to right, prior to any pop the stack shouldn’t be empty, which means the number of S’s is always greater than or equal to that of X’s. Hence the condition is at any stage of processing of the string, the number of push operations (S) should be greater than the number of pop operations (X). Problem-21  Suppose there are two singly linked lists which intersect at some point and become a single linked list. The head or start pointers of both the lists are known, but the intersecting node is not known. Also, the number of nodes in each of the lists before they intersect are unknown and both lists may have a different number. List1 may have n nodes before it reaches the intersection point and List2 may have m nodes before it reaches the intersection point where m and n may be m = n,m < n or m > n. Can we find the merging point using stacks? Solution: Yes. For algorithm refer to Linked Lists chapter. Problem-22  Finding Sp
Answer: Given an array A, the span S[i] of A[i] is the maximum number of consecutive elements A[j] immediately preceding A[i] and such that A[j] < A[i]? Other way of asking: Given an array A of integers, find the maximum of j – i subjected to the constraint of A[i] < A[j]. Solution:

Question: X indicates a pop operation, and with the stack initially empty, formulate a rule to check whether a given string 5 of operations is admissible or not? Solution: Given a string of length 2n, we wish to check whether the given string of operations is permissible or not with respect to its functioning on a stack. The only restricted operation is pop whose prior requirement is that the stack should not be empty. So while traversing the string from left to right, prior to any pop the stack shouldn’t be empty, which means the number of S’s is always greater than or equal to that of X’s. Hence the condition is at any stage of processing of the string, the number of push operations (S) should be greater than the number of pop operations (X). Problem-21  Suppose there are two singly linked lists which intersect at some point and become a single linked list. The head or start pointers of both the lists are known, but the intersecting node is not known. Also, the number of nodes in each of the lists before they intersect are unknown and both lists may have a different number. List1 may have n nodes before it reaches the intersection point and List2 may have m nodes before it reaches the intersection point where m and n may be m = n,m < n or m > n. Can we find the merging point using stacks? Solution: Yes. For algorithm refer to Linked Lists chapter. Problem-22  Finding Sp
Answer: Given an array A, the span S[i] of A[i] is the maximum number of consecutive elements A[j] immediately preceding A[i] and such that A[j] < A[i]? Other way of asking: Given an array A of integers, find the maximum of j – i subjected to the constraint of A[i] < A[j]. Solution:

Question: X indicates a pop operation, and with the stack initially empty, formulate a rule to check whether a given string 5 of operations is admissible or not? Solution: Given a string of length 2n, we wish to check whether the given string of operations is permissible or not with respect to its functioning on a stack. The only restricted operation is pop whose prior requirement is that the stack should not be empty. So while traversing the string from left to right, prior to any pop the stack shouldn’t be empty, which means the number of S’s is always greater than or equal to that of X’s. Hence the condition is at any stage of processing of the string, the number of push operations (S) should be greater than the number of pop operations (X). Problem-21  Suppose there are two singly linked lists which intersect at some point and become a single linked list. The head or start pointers of both the lists are known, but the intersecting node is not known. Also, the number of nodes in each of the lists before they intersect are unknown and both lists may have a different number. List1 may have n nodes before it reaches the intersection point and List2 may have m nodes before it reaches the intersection point where m and n may be m = n,m < n or m > n. Can we find the merging point using stacks? Solution: Yes. For algorithm refer to Linked Lists chapter. Problem-22  Finding Sp
Answer: Given an array A, the span S[i] of A[i] is the maximum number of consecutive elements A[j] immediately preceding A[i] and such that A[j] < A[i]? Other way of asking: Given an array A of integers, find the maximum of j – i subjected to the constraint of A[i] < A[j]. Solution:","- Definition: Tree traversals are methods of visiting each node in a tree data structure exactly once. 
- Explanation: Tree traversals are used to access or manipulate the data in a tree. There are three main types of tree traversals: Inorder, Preorder, and Postorder. 
- Example: Consider a binary tree with the following structure:
        1
       / \
      2   3
     / \   \
    4   5   6
  Inorder traversal: 4, 2, 5, 1, 3, 6
  Preorder traversal: 1, 2, 4, 5, 3, 6
  Postorder traversal: 4, 5, 2, 6, 3, 1
- Time Complexity: The time complexity of tree traversals is O(n), where n is the number of nodes in the tree.
- Space Complexity: The space complexity of tree traversals is O(h), where h is the height of the tree. In the worst case, the space complexity is O(n) for an unbalanced tree.
- Use Cases: Tree traversals are used in various applications such as:
  - Database query optimization
  - File system organization
  - Web page navigation
  - Compilers
  - XML and HTML parsing","{""sections"": [""General"", ""Stack""], ""pages"": [195, 124]}"
35,,Not found in the provided textbook.,"{""sections"": [], ""pages"": []}"
36,,Not found in the provided textbook.,"{""sections"": [], ""pages"": []}"
37,,Not found in the provided textbook.,"{""sections"": [], ""pages"": []}"
38,,Not found in the provided textbook.,"{""sections"": [], ""pages"": []}"
39,,Not found in the provided textbook.,"{""sections"": [], ""pages"": []}"
40,,Not found in the provided textbook.,"{""sections"": [], ""pages"": []}"
41,"Question: X indicates a pop operation, and with the stack initially empty, formulate a rule to check whether a given string 5 of operations is admissible or not? Solution: Given a string of length 2n, we wish to check whether the given string of operations is permissible or not with respect to its functioning on a stack. The only restricted operation is pop whose prior requirement is that the stack should not be empty. So while traversing the string from left to right, prior to any pop the stack shouldn’t be empty, which means the number of S’s is always greater than or equal to that of X’s. Hence the condition is at any stage of processing of the string, the number of push operations (S) should be greater than the number of pop operations (X). Problem-21  Suppose there are two singly linked lists which intersect at some point and become a single linked list. The head or start pointers of both the lists are known, but the intersecting node is not known. Also, the number of nodes in each of the lists before they intersect are unknown and both lists may have a different number. List1 may have n nodes before it reaches the intersection point and List2 may have m nodes before it reaches the intersection point where m and n may be m = n,m < n or m > n. Can we find the merging point using stacks? Solution: Yes. For algorithm refer to Linked Lists chapter. Problem-22  Finding Sp
Answer: Given an array A, the span S[i] of A[i] is the maximum number of consecutive elements A[j] immediately preceding A[i] and such that A[j] < A[i]? Other way of asking: Given an array A of integers, find the maximum of j – i subjected to the constraint of A[i] < A[j]. Solution:

Question: returning M- n + 1th key value from the hash table. Time Complexity: Time for creating the hash table, T(m) = O(m). Space Complexity: Since we need to create a hash table of size m, O(m). Problem-4  Can we use the Problem-3 approach for solving Problem-2 without creating the hash table? Solution: Yes. If we observe the Problem-3 solution, what we are actually doing is finding the size of the linked list. That means we are using the hash table to find the size of the linked list. We can find the length of the linked list just by starting at the head node and traversing the list. So, we can find the length of the list without creating the hash table. After finding the length, compute M – n + 1 and with one more scan we can get the M – n+ 1th node from the beginning. This solution needs two sc
Answer: one for finding the length of the list and the other for finding M – n+ 1th node from the beginning. Time Complexity: Time for finding the length + Time for finding the M – n + 1th node from the beginning. Therefore, T(n) = O(n) + O(n) ≈ O(n). Space Complexity: O(1). Hence, no need to create the hash table. Problem-5  Can we solve Problem-2 in one scan? Solution: Yes. Efficient Approach: Use two pointers pNthNode and pTemp. Initially, both point to head node of the list. pNthNode starts moving only after pTemp has made n moves. From there both move forward until pTemp reaches the end of the list. As a result pNthNode points to nth node from the end of the linked list. Note: At any point of time both move one node at a time.

Question: X indicates a pop operation, and with the stack initially empty, formulate a rule to check whether a given string 5 of operations is admissible or not? Solution: Given a string of length 2n, we wish to check whether the given string of operations is permissible or not with respect to its functioning on a stack. The only restricted operation is pop whose prior requirement is that the stack should not be empty. So while traversing the string from left to right, prior to any pop the stack shouldn’t be empty, which means the number of S’s is always greater than or equal to that of X’s. Hence the condition is at any stage of processing of the string, the number of push operations (S) should be greater than the number of pop operations (X). Problem-21  Suppose there are two singly linked lists which intersect at some point and become a single linked list. The head or start pointers of both the lists are known, but the intersecting node is not known. Also, the number of nodes in each of the lists before they intersect are unknown and both lists may have a different number. List1 may have n nodes before it reaches the intersection point and List2 may have m nodes before it reaches the intersection point where m and n may be m = n,m < n or m > n. Can we find the merging point using stacks? Solution: Yes. For algorithm refer to Linked Lists chapter. Problem-22  Finding Sp
Answer: Given an array A, the span S[i] of A[i] is the maximum number of consecutive elements A[j] immediately preceding A[i] and such that A[j] < A[i]? Other way of asking: Given an array A of integers, find the maximum of j – i subjected to the constraint of A[i] < A[j]. Solution:

Question: X indicates a pop operation, and with the stack initially empty, formulate a rule to check whether a given string 5 of operations is admissible or not? Solution: Given a string of length 2n, we wish to check whether the given string of operations is permissible or not with respect to its functioning on a stack. The only restricted operation is pop whose prior requirement is that the stack should not be empty. So while traversing the string from left to right, prior to any pop the stack shouldn’t be empty, which means the number of S’s is always greater than or equal to that of X’s. Hence the condition is at any stage of processing of the string, the number of push operations (S) should be greater than the number of pop operations (X). Problem-21  Suppose there are two singly linked lists which intersect at some point and become a single linked list. The head or start pointers of both the lists are known, but the intersecting node is not known. Also, the number of nodes in each of the lists before they intersect are unknown and both lists may have a different number. List1 may have n nodes before it reaches the intersection point and List2 may have m nodes before it reaches the intersection point where m and n may be m = n,m < n or m > n. Can we find the merging point using stacks? Solution: Yes. For algorithm refer to Linked Lists chapter. Problem-22  Finding Sp
Answer: Given an array A, the span S[i] of A[i] is the maximum number of consecutive elements A[j] immediately preceding A[i] and such that A[j] < A[i]? Other way of asking: Given an array A of integers, find the maximum of j – i subjected to the constraint of A[i] < A[j]. Solution:

Question: X indicates a pop operation, and with the stack initially empty, formulate a rule to check whether a given string 5 of operations is admissible or not? Solution: Given a string of length 2n, we wish to check whether the given string of operations is permissible or not with respect to its functioning on a stack. The only restricted operation is pop whose prior requirement is that the stack should not be empty. So while traversing the string from left to right, prior to any pop the stack shouldn’t be empty, which means the number of S’s is always greater than or equal to that of X’s. Hence the condition is at any stage of processing of the string, the number of push operations (S) should be greater than the number of pop operations (X). Problem-21  Suppose there are two singly linked lists which intersect at some point and become a single linked list. The head or start pointers of both the lists are known, but the intersecting node is not known. Also, the number of nodes in each of the lists before they intersect are unknown and both lists may have a different number. List1 may have n nodes before it reaches the intersection point and List2 may have m nodes before it reaches the intersection point where m and n may be m = n,m < n or m > n. Can we find the merging point using stacks? Solution: Yes. For algorithm refer to Linked Lists chapter. Problem-22  Finding Sp
Answer: Given an array A, the span S[i] of A[i] is the maximum number of consecutive elements A[j] immediately preceding A[i] and such that A[j] < A[i]? Other way of asking: Given an array A of integers, find the maximum of j – i subjected to the constraint of A[i] < A[j]. Solution:","- **Definition**: Depth-First Search (DFS) is a traversal approach in which the leftmost branch is explored as far as possible before moving to the right.
- **Explanation**: DFS is a graph traversal algorithm that starts at a selected node (or vertex) in a graph and explores the node's neighbors before backtracking. It uses a stack data structure to keep track of the nodes to visit next.
- **Example**: Consider a graph with nodes A, B, C, D, and E. If we start at node A, a DFS traversal might visit the nodes in the following order: A, B, D, E, C.
- **Time Complexity**: The time complexity of DFS is O(V + E), where V is the number of vertices (or nodes) and E is the number of edges in the graph.
- **Space Complexity**: The space complexity of DFS is O(V), as we need to store the nodes to visit in a stack.
- **Use Cases**: DFS is commonly used in various applications, such as:
  * Finding connected components in a graph
  * Topological sorting
  * Finding strongly connected components
  * Solving mazes or puzzles
  * Web crawlers","{""sections"": [""General"", ""Stack""], ""pages"": [195, 124]}"
42,,Not found in the provided textbook.,"{""sections"": [], ""pages"": []}"
43,"Question: returning M- n + 1th key value from the hash table. Time Complexity: Time for creating the hash table, T(m) = O(m). Space Complexity: Since we need to create a hash table of size m, O(m). Problem-4  Can we use the Problem-3 approach for solving Problem-2 without creating the hash table? Solution: Yes. If we observe the Problem-3 solution, what we are actually doing is finding the size of the linked list. That means we are using the hash table to find the size of the linked list. We can find the length of the linked list just by starting at the head node and traversing the list. So, we can find the length of the list without creating the hash table. After finding the length, compute M – n + 1 and with one more scan we can get the M – n+ 1th node from the beginning. This solution needs two sc
Answer: one for finding the length of the list and the other for finding M – n+ 1th node from the beginning. Time Complexity: Time for finding the length + Time for finding the M – n + 1th node from the beginning. Therefore, T(n) = O(n) + O(n) ≈ O(n). Space Complexity: O(1). Hence, no need to create the hash table. Problem-5  Can we solve Problem-2 in one scan? Solution: Yes. Efficient Approach: Use two pointers pNthNode and pTemp. Initially, both point to head node of the list. pNthNode starts moving only after pTemp has made n moves. From there both move forward until pTemp reaches the end of the list. As a result pNthNode points to nth node from the end of the linked list. Note: At any point of time both move one node at a time.

Question: X indicates a pop operation, and with the stack initially empty, formulate a rule to check whether a given string 5 of operations is admissible or not? Solution: Given a string of length 2n, we wish to check whether the given string of operations is permissible or not with respect to its functioning on a stack. The only restricted operation is pop whose prior requirement is that the stack should not be empty. So while traversing the string from left to right, prior to any pop the stack shouldn’t be empty, which means the number of S’s is always greater than or equal to that of X’s. Hence the condition is at any stage of processing of the string, the number of push operations (S) should be greater than the number of pop operations (X). Problem-21  Suppose there are two singly linked lists which intersect at some point and become a single linked list. The head or start pointers of both the lists are known, but the intersecting node is not known. Also, the number of nodes in each of the lists before they intersect are unknown and both lists may have a different number. List1 may have n nodes before it reaches the intersection point and List2 may have m nodes before it reaches the intersection point where m and n may be m = n,m < n or m > n. Can we find the merging point using stacks? Solution: Yes. For algorithm refer to Linked Lists chapter. Problem-22  Finding Sp
Answer: Given an array A, the span S[i] of A[i] is the maximum number of consecutive elements A[j] immediately preceding A[i] and such that A[j] < A[i]? Other way of asking: Given an array A of integers, find the maximum of j – i subjected to the constraint of A[i] < A[j]. Solution:

Question: X indicates a pop operation, and with the stack initially empty, formulate a rule to check whether a given string 5 of operations is admissible or not? Solution: Given a string of length 2n, we wish to check whether the given string of operations is permissible or not with respect to its functioning on a stack. The only restricted operation is pop whose prior requirement is that the stack should not be empty. So while traversing the string from left to right, prior to any pop the stack shouldn’t be empty, which means the number of S’s is always greater than or equal to that of X’s. Hence the condition is at any stage of processing of the string, the number of push operations (S) should be greater than the number of pop operations (X). Problem-21  Suppose there are two singly linked lists which intersect at some point and become a single linked list. The head or start pointers of both the lists are known, but the intersecting node is not known. Also, the number of nodes in each of the lists before they intersect are unknown and both lists may have a different number. List1 may have n nodes before it reaches the intersection point and List2 may have m nodes before it reaches the intersection point where m and n may be m = n,m < n or m > n. Can we find the merging point using stacks? Solution: Yes. For algorithm refer to Linked Lists chapter. Problem-22  Finding Sp
Answer: Given an array A, the span S[i] of A[i] is the maximum number of consecutive elements A[j] immediately preceding A[i] and such that A[j] < A[i]? Other way of asking: Given an array A of integers, find the maximum of j – i subjected to the constraint of A[i] < A[j]. Solution:

Question: X indicates a pop operation, and with the stack initially empty, formulate a rule to check whether a given string 5 of operations is admissible or not? Solution: Given a string of length 2n, we wish to check whether the given string of operations is permissible or not with respect to its functioning on a stack. The only restricted operation is pop whose prior requirement is that the stack should not be empty. So while traversing the string from left to right, prior to any pop the stack shouldn’t be empty, which means the number of S’s is always greater than or equal to that of X’s. Hence the condition is at any stage of processing of the string, the number of push operations (S) should be greater than the number of pop operations (X). Problem-21  Suppose there are two singly linked lists which intersect at some point and become a single linked list. The head or start pointers of both the lists are known, but the intersecting node is not known. Also, the number of nodes in each of the lists before they intersect are unknown and both lists may have a different number. List1 may have n nodes before it reaches the intersection point and List2 may have m nodes before it reaches the intersection point where m and n may be m = n,m < n or m > n. Can we find the merging point using stacks? Solution: Yes. For algorithm refer to Linked Lists chapter. Problem-22  Finding Sp
Answer: Given an array A, the span S[i] of A[i] is the maximum number of consecutive elements A[j] immediately preceding A[i] and such that A[j] < A[i]? Other way of asking: Given an array A of integers, find the maximum of j – i subjected to the constraint of A[i] < A[j]. Solution:

Question: X indicates a pop operation, and with the stack initially empty, formulate a rule to check whether a given string 5 of operations is admissible or not? Solution: Given a string of length 2n, we wish to check whether the given string of operations is permissible or not with respect to its functioning on a stack. The only restricted operation is pop whose prior requirement is that the stack should not be empty. So while traversing the string from left to right, prior to any pop the stack shouldn’t be empty, which means the number of S’s is always greater than or equal to that of X’s. Hence the condition is at any stage of processing of the string, the number of push operations (S) should be greater than the number of pop operations (X). Problem-21  Suppose there are two singly linked lists which intersect at some point and become a single linked list. The head or start pointers of both the lists are known, but the intersecting node is not known. Also, the number of nodes in each of the lists before they intersect are unknown and both lists may have a different number. List1 may have n nodes before it reaches the intersection point and List2 may have m nodes before it reaches the intersection point where m and n may be m = n,m < n or m > n. Can we find the merging point using stacks? Solution: Yes. For algorithm refer to Linked Lists chapter. Problem-22  Finding Sp
Answer: Given an array A, the span S[i] of A[i] is the maximum number of consecutive elements A[j] immediately preceding A[i] and such that A[j] < A[i]? Other way of asking: Given an array A of integers, find the maximum of j – i subjected to the constraint of A[i] < A[j]. Solution:","- Definition: Hashing is a technique used to map a large amount of data to a fixed-size index, known as a hash value or digest, using a hash function.

- Explanation: Hashing is a one-way process, meaning it is not possible to retrieve the original data from the hash value. Hash functions are designed to be deterministic, meaning that the same input will always produce the same output hash value.

- Example: A simple example of hashing is a phonebook. When you look up a person's name in a phonebook, you are essentially hashing the name to a specific phone number.

- Time Complexity: The time complexity of hashing depends on the hash function used. In general, the time complexity of hashing is O(1), meaning it takes constant time to hash a piece of data.

- Space Complexity: The space complexity of hashing depends on the size of the hash table. In general, the space complexity of hashing is O(n), where n is the number of elements in the hash table.

- Use Cases: Hashing is widely used in many applications, including:
  * Data storage and retrieval
  * Password storage and verification
  * Data integrity and authenticity verification
  * Cryptography
  * Database indexing and querying","{""sections"": [""General"", ""Stack""], ""pages"": [195, 124]}"
44,"Question: returning M- n + 1th key value from the hash table. Time Complexity: Time for creating the hash table, T(m) = O(m). Space Complexity: Since we need to create a hash table of size m, O(m). Problem-4  Can we use the Problem-3 approach for solving Problem-2 without creating the hash table? Solution: Yes. If we observe the Problem-3 solution, what we are actually doing is finding the size of the linked list. That means we are using the hash table to find the size of the linked list. We can find the length of the linked list just by starting at the head node and traversing the list. So, we can find the length of the list without creating the hash table. After finding the length, compute M – n + 1 and with one more scan we can get the M – n+ 1th node from the beginning. This solution needs two sc
Answer: one for finding the length of the list and the other for finding M – n+ 1th node from the beginning. Time Complexity: Time for finding the length + Time for finding the M – n + 1th node from the beginning. Therefore, T(n) = O(n) + O(n) ≈ O(n). Space Complexity: O(1). Hence, no need to create the hash table. Problem-5  Can we solve Problem-2 in one scan? Solution: Yes. Efficient Approach: Use two pointers pNthNode and pTemp. Initially, both point to head node of the list. pNthNode starts moving only after pTemp has made n moves. From there both move forward until pTemp reaches the end of the list. As a result pNthNode points to nth node from the end of the linked list. Note: At any point of time both move one node at a time.

Question: X indicates a pop operation, and with the stack initially empty, formulate a rule to check whether a given string 5 of operations is admissible or not? Solution: Given a string of length 2n, we wish to check whether the given string of operations is permissible or not with respect to its functioning on a stack. The only restricted operation is pop whose prior requirement is that the stack should not be empty. So while traversing the string from left to right, prior to any pop the stack shouldn’t be empty, which means the number of S’s is always greater than or equal to that of X’s. Hence the condition is at any stage of processing of the string, the number of push operations (S) should be greater than the number of pop operations (X). Problem-21  Suppose there are two singly linked lists which intersect at some point and become a single linked list. The head or start pointers of both the lists are known, but the intersecting node is not known. Also, the number of nodes in each of the lists before they intersect are unknown and both lists may have a different number. List1 may have n nodes before it reaches the intersection point and List2 may have m nodes before it reaches the intersection point where m and n may be m = n,m < n or m > n. Can we find the merging point using stacks? Solution: Yes. For algorithm refer to Linked Lists chapter. Problem-22  Finding Sp
Answer: Given an array A, the span S[i] of A[i] is the maximum number of consecutive elements A[j] immediately preceding A[i] and such that A[j] < A[i]? Other way of asking: Given an array A of integers, find the maximum of j – i subjected to the constraint of A[i] < A[j]. Solution:

Question: X indicates a pop operation, and with the stack initially empty, formulate a rule to check whether a given string 5 of operations is admissible or not? Solution: Given a string of length 2n, we wish to check whether the given string of operations is permissible or not with respect to its functioning on a stack. The only restricted operation is pop whose prior requirement is that the stack should not be empty. So while traversing the string from left to right, prior to any pop the stack shouldn’t be empty, which means the number of S’s is always greater than or equal to that of X’s. Hence the condition is at any stage of processing of the string, the number of push operations (S) should be greater than the number of pop operations (X). Problem-21  Suppose there are two singly linked lists which intersect at some point and become a single linked list. The head or start pointers of both the lists are known, but the intersecting node is not known. Also, the number of nodes in each of the lists before they intersect are unknown and both lists may have a different number. List1 may have n nodes before it reaches the intersection point and List2 may have m nodes before it reaches the intersection point where m and n may be m = n,m < n or m > n. Can we find the merging point using stacks? Solution: Yes. For algorithm refer to Linked Lists chapter. Problem-22  Finding Sp
Answer: Given an array A, the span S[i] of A[i] is the maximum number of consecutive elements A[j] immediately preceding A[i] and such that A[j] < A[i]? Other way of asking: Given an array A of integers, find the maximum of j – i subjected to the constraint of A[i] < A[j]. Solution:

Question: X indicates a pop operation, and with the stack initially empty, formulate a rule to check whether a given string 5 of operations is admissible or not? Solution: Given a string of length 2n, we wish to check whether the given string of operations is permissible or not with respect to its functioning on a stack. The only restricted operation is pop whose prior requirement is that the stack should not be empty. So while traversing the string from left to right, prior to any pop the stack shouldn’t be empty, which means the number of S’s is always greater than or equal to that of X’s. Hence the condition is at any stage of processing of the string, the number of push operations (S) should be greater than the number of pop operations (X). Problem-21  Suppose there are two singly linked lists which intersect at some point and become a single linked list. The head or start pointers of both the lists are known, but the intersecting node is not known. Also, the number of nodes in each of the lists before they intersect are unknown and both lists may have a different number. List1 may have n nodes before it reaches the intersection point and List2 may have m nodes before it reaches the intersection point where m and n may be m = n,m < n or m > n. Can we find the merging point using stacks? Solution: Yes. For algorithm refer to Linked Lists chapter. Problem-22  Finding Sp
Answer: Given an array A, the span S[i] of A[i] is the maximum number of consecutive elements A[j] immediately preceding A[i] and such that A[j] < A[i]? Other way of asking: Given an array A of integers, find the maximum of j – i subjected to the constraint of A[i] < A[j]. Solution:

Question: X indicates a pop operation, and with the stack initially empty, formulate a rule to check whether a given string 5 of operations is admissible or not? Solution: Given a string of length 2n, we wish to check whether the given string of operations is permissible or not with respect to its functioning on a stack. The only restricted operation is pop whose prior requirement is that the stack should not be empty. So while traversing the string from left to right, prior to any pop the stack shouldn’t be empty, which means the number of S’s is always greater than or equal to that of X’s. Hence the condition is at any stage of processing of the string, the number of push operations (S) should be greater than the number of pop operations (X). Problem-21  Suppose there are two singly linked lists which intersect at some point and become a single linked list. The head or start pointers of both the lists are known, but the intersecting node is not known. Also, the number of nodes in each of the lists before they intersect are unknown and both lists may have a different number. List1 may have n nodes before it reaches the intersection point and List2 may have m nodes before it reaches the intersection point where m and n may be m = n,m < n or m > n. Can we find the merging point using stacks? Solution: Yes. For algorithm refer to Linked Lists chapter. Problem-22  Finding Sp
Answer: Given an array A, the span S[i] of A[i] is the maximum number of consecutive elements A[j] immediately preceding A[i] and such that A[j] < A[i]? Other way of asking: Given an array A of integers, find the maximum of j – i subjected to the constraint of A[i] < A[j]. Solution:","- Definition: A hash table is a data structure that stores key-value pairs in an array using a hash function to map keys to indices of the array.

- Explanation: A hash table is a data structure that allows for efficient storage and retrieval of data. It uses a hash function to map keys to indices of an array, where the corresponding values are stored. This allows for fast lookups, insertions, and deletions.

- Example: A hash table can be used to store a collection of key-value pairs, such as a dictionary or a cache. For example, a hash table can be used to store a collection of words and their definitions, where the word is the key and the definition is the value.

- Time Complexity: The time complexity of a hash table depends on the hash function and the load factor of the table. In general, the time complexity of a hash table is O(1) for lookups, insertions, and deletions, assuming a good hash function and a low load factor.

- Space Complexity: The space complexity of a hash table is O(n), where n is the number of key-value pairs stored in the table.

- Use Cases: Hash tables are commonly used in many applications, such as:
  * Caches: Hash tables can be used to implement caches, where the key is the cache key and the value is the cached data.
  * Databases: Hash tables can be used to implement indexes in databases, where the key is the index key and the value is the corresponding data.
  * Compilers: Hash tables can be used to implement symbol tables in compilers, where the key is the symbol name and the value is the symbol's definition.","{""sections"": [""General"", ""Stack""], ""pages"": [195, 124]}"
45,"Question: returning M- n + 1th key value from the hash table. Time Complexity: Time for creating the hash table, T(m) = O(m). Space Complexity: Since we need to create a hash table of size m, O(m). Problem-4  Can we use the Problem-3 approach for solving Problem-2 without creating the hash table? Solution: Yes. If we observe the Problem-3 solution, what we are actually doing is finding the size of the linked list. That means we are using the hash table to find the size of the linked list. We can find the length of the linked list just by starting at the head node and traversing the list. So, we can find the length of the list without creating the hash table. After finding the length, compute M – n + 1 and with one more scan we can get the M – n+ 1th node from the beginning. This solution needs two sc
Answer: one for finding the length of the list and the other for finding M – n+ 1th node from the beginning. Time Complexity: Time for finding the length + Time for finding the M – n + 1th node from the beginning. Therefore, T(n) = O(n) + O(n) ≈ O(n). Space Complexity: O(1). Hence, no need to create the hash table. Problem-5  Can we solve Problem-2 in one scan? Solution: Yes. Efficient Approach: Use two pointers pNthNode and pTemp. Initially, both point to head node of the list. pNthNode starts moving only after pTemp has made n moves. From there both move forward until pTemp reaches the end of the list. As a result pNthNode points to nth node from the end of the linked list. Note: At any point of time both move one node at a time.

Question: X indicates a pop operation, and with the stack initially empty, formulate a rule to check whether a given string 5 of operations is admissible or not? Solution: Given a string of length 2n, we wish to check whether the given string of operations is permissible or not with respect to its functioning on a stack. The only restricted operation is pop whose prior requirement is that the stack should not be empty. So while traversing the string from left to right, prior to any pop the stack shouldn’t be empty, which means the number of S’s is always greater than or equal to that of X’s. Hence the condition is at any stage of processing of the string, the number of push operations (S) should be greater than the number of pop operations (X). Problem-21  Suppose there are two singly linked lists which intersect at some point and become a single linked list. The head or start pointers of both the lists are known, but the intersecting node is not known. Also, the number of nodes in each of the lists before they intersect are unknown and both lists may have a different number. List1 may have n nodes before it reaches the intersection point and List2 may have m nodes before it reaches the intersection point where m and n may be m = n,m < n or m > n. Can we find the merging point using stacks? Solution: Yes. For algorithm refer to Linked Lists chapter. Problem-22  Finding Sp
Answer: Given an array A, the span S[i] of A[i] is the maximum number of consecutive elements A[j] immediately preceding A[i] and such that A[j] < A[i]? Other way of asking: Given an array A of integers, find the maximum of j – i subjected to the constraint of A[i] < A[j]. Solution:

Question: X indicates a pop operation, and with the stack initially empty, formulate a rule to check whether a given string 5 of operations is admissible or not? Solution: Given a string of length 2n, we wish to check whether the given string of operations is permissible or not with respect to its functioning on a stack. The only restricted operation is pop whose prior requirement is that the stack should not be empty. So while traversing the string from left to right, prior to any pop the stack shouldn’t be empty, which means the number of S’s is always greater than or equal to that of X’s. Hence the condition is at any stage of processing of the string, the number of push operations (S) should be greater than the number of pop operations (X). Problem-21  Suppose there are two singly linked lists which intersect at some point and become a single linked list. The head or start pointers of both the lists are known, but the intersecting node is not known. Also, the number of nodes in each of the lists before they intersect are unknown and both lists may have a different number. List1 may have n nodes before it reaches the intersection point and List2 may have m nodes before it reaches the intersection point where m and n may be m = n,m < n or m > n. Can we find the merging point using stacks? Solution: Yes. For algorithm refer to Linked Lists chapter. Problem-22  Finding Sp
Answer: Given an array A, the span S[i] of A[i] is the maximum number of consecutive elements A[j] immediately preceding A[i] and such that A[j] < A[i]? Other way of asking: Given an array A of integers, find the maximum of j – i subjected to the constraint of A[i] < A[j]. Solution:

Question: X indicates a pop operation, and with the stack initially empty, formulate a rule to check whether a given string 5 of operations is admissible or not? Solution: Given a string of length 2n, we wish to check whether the given string of operations is permissible or not with respect to its functioning on a stack. The only restricted operation is pop whose prior requirement is that the stack should not be empty. So while traversing the string from left to right, prior to any pop the stack shouldn’t be empty, which means the number of S’s is always greater than or equal to that of X’s. Hence the condition is at any stage of processing of the string, the number of push operations (S) should be greater than the number of pop operations (X). Problem-21  Suppose there are two singly linked lists which intersect at some point and become a single linked list. The head or start pointers of both the lists are known, but the intersecting node is not known. Also, the number of nodes in each of the lists before they intersect are unknown and both lists may have a different number. List1 may have n nodes before it reaches the intersection point and List2 may have m nodes before it reaches the intersection point where m and n may be m = n,m < n or m > n. Can we find the merging point using stacks? Solution: Yes. For algorithm refer to Linked Lists chapter. Problem-22  Finding Sp
Answer: Given an array A, the span S[i] of A[i] is the maximum number of consecutive elements A[j] immediately preceding A[i] and such that A[j] < A[i]? Other way of asking: Given an array A of integers, find the maximum of j – i subjected to the constraint of A[i] < A[j]. Solution:

Question: X indicates a pop operation, and with the stack initially empty, formulate a rule to check whether a given string 5 of operations is admissible or not? Solution: Given a string of length 2n, we wish to check whether the given string of operations is permissible or not with respect to its functioning on a stack. The only restricted operation is pop whose prior requirement is that the stack should not be empty. So while traversing the string from left to right, prior to any pop the stack shouldn’t be empty, which means the number of S’s is always greater than or equal to that of X’s. Hence the condition is at any stage of processing of the string, the number of push operations (S) should be greater than the number of pop operations (X). Problem-21  Suppose there are two singly linked lists which intersect at some point and become a single linked list. The head or start pointers of both the lists are known, but the intersecting node is not known. Also, the number of nodes in each of the lists before they intersect are unknown and both lists may have a different number. List1 may have n nodes before it reaches the intersection point and List2 may have m nodes before it reaches the intersection point where m and n may be m = n,m < n or m > n. Can we find the merging point using stacks? Solution: Yes. For algorithm refer to Linked Lists chapter. Problem-22  Finding Sp
Answer: Given an array A, the span S[i] of A[i] is the maximum number of consecutive elements A[j] immediately preceding A[i] and such that A[j] < A[i]? Other way of asking: Given an array A of integers, find the maximum of j – i subjected to the constraint of A[i] < A[j]. Solution:","- Definition: Collision in hashing is a situation that occurs when two different keys hash to the same index in a hash table.

- Explanation: In hashing, a hash function is used to map keys to indices of a hash table. However, it is possible that two different keys may hash to the same index, resulting in a collision. This can happen because the hash function is not perfect and may map different keys to the same index.

- Example: Suppose we have a hash table of size 10 and a hash function that maps keys to indices based on the sum of their digits. If we have two keys, 12 and 21, they may both hash to the same index, say 3, because the sum of their digits is the same (1+2 = 2+1 = 3).

- Time Complexity: The time complexity of handling collisions in hashing depends on the collision resolution technique used. Some common techniques include chaining, open addressing, and linear probing, which have different time complexities.

- Space Complexity: The space complexity of handling collisions in hashing depends on the collision resolution technique used. Some techniques, such as chaining, may require additional space to store the colliding elements.

- Use Cases: Collision handling is an essential aspect of hashing, and it is used in various applications, including database indexing, caching, and data compression.","{""sections"": [""General"", ""Stack""], ""pages"": [195, 124]}"
46,,Not found in the provided textbook.,"{""sections"": [], ""pages"": []}"
47,"Question: X indicates a pop operation, and with the stack initially empty, formulate a rule to check whether a given string 5 of operations is admissible or not? Solution: Given a string of length 2n, we wish to check whether the given string of operations is permissible or not with respect to its functioning on a stack. The only restricted operation is pop whose prior requirement is that the stack should not be empty. So while traversing the string from left to right, prior to any pop the stack shouldn’t be empty, which means the number of S’s is always greater than or equal to that of X’s. Hence the condition is at any stage of processing of the string, the number of push operations (S) should be greater than the number of pop operations (X). Problem-21  Suppose there are two singly linked lists which intersect at some point and become a single linked list. The head or start pointers of both the lists are known, but the intersecting node is not known. Also, the number of nodes in each of the lists before they intersect are unknown and both lists may have a different number. List1 may have n nodes before it reaches the intersection point and List2 may have m nodes before it reaches the intersection point where m and n may be m = n,m < n or m > n. Can we find the merging point using stacks? Solution: Yes. For algorithm refer to Linked Lists chapter. Problem-22  Finding Sp
Answer: Given an array A, the span S[i] of A[i] is the maximum number of consecutive elements A[j] immediately preceding A[i] and such that A[j] < A[i]? Other way of asking: Given an array A of integers, find the maximum of j – i subjected to the constraint of A[i] < A[j]. Solution:

Question: returning M- n + 1th key value from the hash table. Time Complexity: Time for creating the hash table, T(m) = O(m). Space Complexity: Since we need to create a hash table of size m, O(m). Problem-4  Can we use the Problem-3 approach for solving Problem-2 without creating the hash table? Solution: Yes. If we observe the Problem-3 solution, what we are actually doing is finding the size of the linked list. That means we are using the hash table to find the size of the linked list. We can find the length of the linked list just by starting at the head node and traversing the list. So, we can find the length of the list without creating the hash table. After finding the length, compute M – n + 1 and with one more scan we can get the M – n+ 1th node from the beginning. This solution needs two sc
Answer: one for finding the length of the list and the other for finding M – n+ 1th node from the beginning. Time Complexity: Time for finding the length + Time for finding the M – n + 1th node from the beginning. Therefore, T(n) = O(n) + O(n) ≈ O(n). Space Complexity: O(1). Hence, no need to create the hash table. Problem-5  Can we solve Problem-2 in one scan? Solution: Yes. Efficient Approach: Use two pointers pNthNode and pTemp. Initially, both point to head node of the list. pNthNode starts moving only after pTemp has made n moves. From there both move forward until pTemp reaches the end of the list. As a result pNthNode points to nth node from the end of the linked list. Note: At any point of time both move one node at a time.

Question: X indicates a pop operation, and with the stack initially empty, formulate a rule to check whether a given string 5 of operations is admissible or not? Solution: Given a string of length 2n, we wish to check whether the given string of operations is permissible or not with respect to its functioning on a stack. The only restricted operation is pop whose prior requirement is that the stack should not be empty. So while traversing the string from left to right, prior to any pop the stack shouldn’t be empty, which means the number of S’s is always greater than or equal to that of X’s. Hence the condition is at any stage of processing of the string, the number of push operations (S) should be greater than the number of pop operations (X). Problem-21  Suppose there are two singly linked lists which intersect at some point and become a single linked list. The head or start pointers of both the lists are known, but the intersecting node is not known. Also, the number of nodes in each of the lists before they intersect are unknown and both lists may have a different number. List1 may have n nodes before it reaches the intersection point and List2 may have m nodes before it reaches the intersection point where m and n may be m = n,m < n or m > n. Can we find the merging point using stacks? Solution: Yes. For algorithm refer to Linked Lists chapter. Problem-22  Finding Sp
Answer: Given an array A, the span S[i] of A[i] is the maximum number of consecutive elements A[j] immediately preceding A[i] and such that A[j] < A[i]? Other way of asking: Given an array A of integers, find the maximum of j – i subjected to the constraint of A[i] < A[j]. Solution:

Question: X indicates a pop operation, and with the stack initially empty, formulate a rule to check whether a given string 5 of operations is admissible or not? Solution: Given a string of length 2n, we wish to check whether the given string of operations is permissible or not with respect to its functioning on a stack. The only restricted operation is pop whose prior requirement is that the stack should not be empty. So while traversing the string from left to right, prior to any pop the stack shouldn’t be empty, which means the number of S’s is always greater than or equal to that of X’s. Hence the condition is at any stage of processing of the string, the number of push operations (S) should be greater than the number of pop operations (X). Problem-21  Suppose there are two singly linked lists which intersect at some point and become a single linked list. The head or start pointers of both the lists are known, but the intersecting node is not known. Also, the number of nodes in each of the lists before they intersect are unknown and both lists may have a different number. List1 may have n nodes before it reaches the intersection point and List2 may have m nodes before it reaches the intersection point where m and n may be m = n,m < n or m > n. Can we find the merging point using stacks? Solution: Yes. For algorithm refer to Linked Lists chapter. Problem-22  Finding Sp
Answer: Given an array A, the span S[i] of A[i] is the maximum number of consecutive elements A[j] immediately preceding A[i] and such that A[j] < A[i]? Other way of asking: Given an array A of integers, find the maximum of j – i subjected to the constraint of A[i] < A[j]. Solution:

Question: X indicates a pop operation, and with the stack initially empty, formulate a rule to check whether a given string 5 of operations is admissible or not? Solution: Given a string of length 2n, we wish to check whether the given string of operations is permissible or not with respect to its functioning on a stack. The only restricted operation is pop whose prior requirement is that the stack should not be empty. So while traversing the string from left to right, prior to any pop the stack shouldn’t be empty, which means the number of S’s is always greater than or equal to that of X’s. Hence the condition is at any stage of processing of the string, the number of push operations (S) should be greater than the number of pop operations (X). Problem-21  Suppose there are two singly linked lists which intersect at some point and become a single linked list. The head or start pointers of both the lists are known, but the intersecting node is not known. Also, the number of nodes in each of the lists before they intersect are unknown and both lists may have a different number. List1 may have n nodes before it reaches the intersection point and List2 may have m nodes before it reaches the intersection point where m and n may be m = n,m < n or m > n. Can we find the merging point using stacks? Solution: Yes. For algorithm refer to Linked Lists chapter. Problem-22  Finding Sp
Answer: Given an array A, the span S[i] of A[i] is the maximum number of consecutive elements A[j] immediately preceding A[i] and such that A[j] < A[i]? Other way of asking: Given an array A of integers, find the maximum of j – i subjected to the constraint of A[i] < A[j]. Solution:","- Definition: A greedy algorithm is a type of algorithmic strategy that makes the optimal choice at each step as it attempts to find the overall optimal solution.

- Explanation: Greedy algorithms work by selecting the locally optimal choice at each step, with the hope that these local choices will lead to a globally optimal solution. They are often used to solve optimization problems, where the goal is to find the best solution among a set of possible solutions.

- Example: A classic example of a greedy algorithm is the coin-changing problem, where we are given a set of coins and a target amount, and we need to find the fewest number of coins that add up to the target amount. A greedy algorithm would work by selecting the largest coin that does not exceed the remaining amount, and repeating this process until the target amount is reached.

- Time Complexity: The time complexity of a greedy algorithm can vary depending on the specific problem and implementation, but it is often O(n), where n is the size of the input.

- Space Complexity: The space complexity of a greedy algorithm is typically O(1), as it only needs to keep track of the current state and the next choice to make.

- Use Cases: Greedy algorithms are commonly used in a wide range of applications, including:

* Scheduling problems, such as scheduling tasks or jobs
* Resource allocation problems, such as allocating memory or bandwidth
* Optimization problems, such as finding the shortest path or the minimum spanning tree
* Combinatorial problems, such as finding the maximum clique or the minimum vertex cover.","{""sections"": [""General"", ""Stack""], ""pages"": [195, 124]}"
48,,Not found in the provided textbook.,"{""sections"": [], ""pages"": []}"
49,"Question: X indicates a pop operation, and with the stack initially empty, formulate a rule to check whether a given string 5 of operations is admissible or not? Solution: Given a string of length 2n, we wish to check whether the given string of operations is permissible or not with respect to its functioning on a stack. The only restricted operation is pop whose prior requirement is that the stack should not be empty. So while traversing the string from left to right, prior to any pop the stack shouldn’t be empty, which means the number of S’s is always greater than or equal to that of X’s. Hence the condition is at any stage of processing of the string, the number of push operations (S) should be greater than the number of pop operations (X). Problem-21  Suppose there are two singly linked lists which intersect at some point and become a single linked list. The head or start pointers of both the lists are known, but the intersecting node is not known. Also, the number of nodes in each of the lists before they intersect are unknown and both lists may have a different number. List1 may have n nodes before it reaches the intersection point and List2 may have m nodes before it reaches the intersection point where m and n may be m = n,m < n or m > n. Can we find the merging point using stacks? Solution: Yes. For algorithm refer to Linked Lists chapter. Problem-22  Finding Sp
Answer: Given an array A, the span S[i] of A[i] is the maximum number of consecutive elements A[j] immediately preceding A[i] and such that A[j] < A[i]? Other way of asking: Given an array A of integers, find the maximum of j – i subjected to the constraint of A[i] < A[j]. Solution:

Question: returning M- n + 1th key value from the hash table. Time Complexity: Time for creating the hash table, T(m) = O(m). Space Complexity: Since we need to create a hash table of size m, O(m). Problem-4  Can we use the Problem-3 approach for solving Problem-2 without creating the hash table? Solution: Yes. If we observe the Problem-3 solution, what we are actually doing is finding the size of the linked list. That means we are using the hash table to find the size of the linked list. We can find the length of the linked list just by starting at the head node and traversing the list. So, we can find the length of the list without creating the hash table. After finding the length, compute M – n + 1 and with one more scan we can get the M – n+ 1th node from the beginning. This solution needs two sc
Answer: one for finding the length of the list and the other for finding M – n+ 1th node from the beginning. Time Complexity: Time for finding the length + Time for finding the M – n + 1th node from the beginning. Therefore, T(n) = O(n) + O(n) ≈ O(n). Space Complexity: O(1). Hence, no need to create the hash table. Problem-5  Can we solve Problem-2 in one scan? Solution: Yes. Efficient Approach: Use two pointers pNthNode and pTemp. Initially, both point to head node of the list. pNthNode starts moving only after pTemp has made n moves. From there both move forward until pTemp reaches the end of the list. As a result pNthNode points to nth node from the end of the linked list. Note: At any point of time both move one node at a time.

Question: X indicates a pop operation, and with the stack initially empty, formulate a rule to check whether a given string 5 of operations is admissible or not? Solution: Given a string of length 2n, we wish to check whether the given string of operations is permissible or not with respect to its functioning on a stack. The only restricted operation is pop whose prior requirement is that the stack should not be empty. So while traversing the string from left to right, prior to any pop the stack shouldn’t be empty, which means the number of S’s is always greater than or equal to that of X’s. Hence the condition is at any stage of processing of the string, the number of push operations (S) should be greater than the number of pop operations (X). Problem-21  Suppose there are two singly linked lists which intersect at some point and become a single linked list. The head or start pointers of both the lists are known, but the intersecting node is not known. Also, the number of nodes in each of the lists before they intersect are unknown and both lists may have a different number. List1 may have n nodes before it reaches the intersection point and List2 may have m nodes before it reaches the intersection point where m and n may be m = n,m < n or m > n. Can we find the merging point using stacks? Solution: Yes. For algorithm refer to Linked Lists chapter. Problem-22  Finding Sp
Answer: Given an array A, the span S[i] of A[i] is the maximum number of consecutive elements A[j] immediately preceding A[i] and such that A[j] < A[i]? Other way of asking: Given an array A of integers, find the maximum of j – i subjected to the constraint of A[i] < A[j]. Solution:

Question: X indicates a pop operation, and with the stack initially empty, formulate a rule to check whether a given string 5 of operations is admissible or not? Solution: Given a string of length 2n, we wish to check whether the given string of operations is permissible or not with respect to its functioning on a stack. The only restricted operation is pop whose prior requirement is that the stack should not be empty. So while traversing the string from left to right, prior to any pop the stack shouldn’t be empty, which means the number of S’s is always greater than or equal to that of X’s. Hence the condition is at any stage of processing of the string, the number of push operations (S) should be greater than the number of pop operations (X). Problem-21  Suppose there are two singly linked lists which intersect at some point and become a single linked list. The head or start pointers of both the lists are known, but the intersecting node is not known. Also, the number of nodes in each of the lists before they intersect are unknown and both lists may have a different number. List1 may have n nodes before it reaches the intersection point and List2 may have m nodes before it reaches the intersection point where m and n may be m = n,m < n or m > n. Can we find the merging point using stacks? Solution: Yes. For algorithm refer to Linked Lists chapter. Problem-22  Finding Sp
Answer: Given an array A, the span S[i] of A[i] is the maximum number of consecutive elements A[j] immediately preceding A[i] and such that A[j] < A[i]? Other way of asking: Given an array A of integers, find the maximum of j – i subjected to the constraint of A[i] < A[j]. Solution:

Question: X indicates a pop operation, and with the stack initially empty, formulate a rule to check whether a given string 5 of operations is admissible or not? Solution: Given a string of length 2n, we wish to check whether the given string of operations is permissible or not with respect to its functioning on a stack. The only restricted operation is pop whose prior requirement is that the stack should not be empty. So while traversing the string from left to right, prior to any pop the stack shouldn’t be empty, which means the number of S’s is always greater than or equal to that of X’s. Hence the condition is at any stage of processing of the string, the number of push operations (S) should be greater than the number of pop operations (X). Problem-21  Suppose there are two singly linked lists which intersect at some point and become a single linked list. The head or start pointers of both the lists are known, but the intersecting node is not known. Also, the number of nodes in each of the lists before they intersect are unknown and both lists may have a different number. List1 may have n nodes before it reaches the intersection point and List2 may have m nodes before it reaches the intersection point where m and n may be m = n,m < n or m > n. Can we find the merging point using stacks? Solution: Yes. For algorithm refer to Linked Lists chapter. Problem-22  Finding Sp
Answer: Given an array A, the span S[i] of A[i] is the maximum number of consecutive elements A[j] immediately preceding A[i] and such that A[j] < A[i]? Other way of asking: Given an array A of integers, find the maximum of j – i subjected to the constraint of A[i] < A[j]. Solution:","- Definition: String operations refer to a sequence of operations performed on a string, where each operation can be either a push (S) or a pop (X) operation.

- Explanation: Given a string of length 2n, we wish to check whether the given string of operations is permissible or not with respect to its functioning on a stack. The only restricted operation is pop whose prior requirement is that the stack should not be empty.

- Example: Suppose we have a string ""SSXXSSX"". To check if this string is admissible, we need to ensure that at any stage of processing the string, the number of push operations (S) is greater than or equal to the number of pop operations (X).

- Time Complexity: O(n), where n is the length of the string.

- Space Complexity: O(1), as we only need to keep track of the count of push and pop operations.

- Use Cases: This problem can be used to validate the correctness of a sequence of stack operations, ensuring that the stack is not empty when a pop operation is performed.","{""sections"": [""General"", ""Stack""], ""pages"": [195, 124]}"
50,"Question: X indicates a pop operation, and with the stack initially empty, formulate a rule to check whether a given string 5 of operations is admissible or not? Solution: Given a string of length 2n, we wish to check whether the given string of operations is permissible or not with respect to its functioning on a stack. The only restricted operation is pop whose prior requirement is that the stack should not be empty. So while traversing the string from left to right, prior to any pop the stack shouldn’t be empty, which means the number of S’s is always greater than or equal to that of X’s. Hence the condition is at any stage of processing of the string, the number of push operations (S) should be greater than the number of pop operations (X). Problem-21  Suppose there are two singly linked lists which intersect at some point and become a single linked list. The head or start pointers of both the lists are known, but the intersecting node is not known. Also, the number of nodes in each of the lists before they intersect are unknown and both lists may have a different number. List1 may have n nodes before it reaches the intersection point and List2 may have m nodes before it reaches the intersection point where m and n may be m = n,m < n or m > n. Can we find the merging point using stacks? Solution: Yes. For algorithm refer to Linked Lists chapter. Problem-22  Finding Sp
Answer: Given an array A, the span S[i] of A[i] is the maximum number of consecutive elements A[j] immediately preceding A[i] and such that A[j] < A[i]? Other way of asking: Given an array A of integers, find the maximum of j – i subjected to the constraint of A[i] < A[j]. Solution:

Question: returning M- n + 1th key value from the hash table. Time Complexity: Time for creating the hash table, T(m) = O(m). Space Complexity: Since we need to create a hash table of size m, O(m). Problem-4  Can we use the Problem-3 approach for solving Problem-2 without creating the hash table? Solution: Yes. If we observe the Problem-3 solution, what we are actually doing is finding the size of the linked list. That means we are using the hash table to find the size of the linked list. We can find the length of the linked list just by starting at the head node and traversing the list. So, we can find the length of the list without creating the hash table. After finding the length, compute M – n + 1 and with one more scan we can get the M – n+ 1th node from the beginning. This solution needs two sc
Answer: one for finding the length of the list and the other for finding M – n+ 1th node from the beginning. Time Complexity: Time for finding the length + Time for finding the M – n + 1th node from the beginning. Therefore, T(n) = O(n) + O(n) ≈ O(n). Space Complexity: O(1). Hence, no need to create the hash table. Problem-5  Can we solve Problem-2 in one scan? Solution: Yes. Efficient Approach: Use two pointers pNthNode and pTemp. Initially, both point to head node of the list. pNthNode starts moving only after pTemp has made n moves. From there both move forward until pTemp reaches the end of the list. As a result pNthNode points to nth node from the end of the linked list. Note: At any point of time both move one node at a time.

Question: X indicates a pop operation, and with the stack initially empty, formulate a rule to check whether a given string 5 of operations is admissible or not? Solution: Given a string of length 2n, we wish to check whether the given string of operations is permissible or not with respect to its functioning on a stack. The only restricted operation is pop whose prior requirement is that the stack should not be empty. So while traversing the string from left to right, prior to any pop the stack shouldn’t be empty, which means the number of S’s is always greater than or equal to that of X’s. Hence the condition is at any stage of processing of the string, the number of push operations (S) should be greater than the number of pop operations (X). Problem-21  Suppose there are two singly linked lists which intersect at some point and become a single linked list. The head or start pointers of both the lists are known, but the intersecting node is not known. Also, the number of nodes in each of the lists before they intersect are unknown and both lists may have a different number. List1 may have n nodes before it reaches the intersection point and List2 may have m nodes before it reaches the intersection point where m and n may be m = n,m < n or m > n. Can we find the merging point using stacks? Solution: Yes. For algorithm refer to Linked Lists chapter. Problem-22  Finding Sp
Answer: Given an array A, the span S[i] of A[i] is the maximum number of consecutive elements A[j] immediately preceding A[i] and such that A[j] < A[i]? Other way of asking: Given an array A of integers, find the maximum of j – i subjected to the constraint of A[i] < A[j]. Solution:

Question: X indicates a pop operation, and with the stack initially empty, formulate a rule to check whether a given string 5 of operations is admissible or not? Solution: Given a string of length 2n, we wish to check whether the given string of operations is permissible or not with respect to its functioning on a stack. The only restricted operation is pop whose prior requirement is that the stack should not be empty. So while traversing the string from left to right, prior to any pop the stack shouldn’t be empty, which means the number of S’s is always greater than or equal to that of X’s. Hence the condition is at any stage of processing of the string, the number of push operations (S) should be greater than the number of pop operations (X). Problem-21  Suppose there are two singly linked lists which intersect at some point and become a single linked list. The head or start pointers of both the lists are known, but the intersecting node is not known. Also, the number of nodes in each of the lists before they intersect are unknown and both lists may have a different number. List1 may have n nodes before it reaches the intersection point and List2 may have m nodes before it reaches the intersection point where m and n may be m = n,m < n or m > n. Can we find the merging point using stacks? Solution: Yes. For algorithm refer to Linked Lists chapter. Problem-22  Finding Sp
Answer: Given an array A, the span S[i] of A[i] is the maximum number of consecutive elements A[j] immediately preceding A[i] and such that A[j] < A[i]? Other way of asking: Given an array A of integers, find the maximum of j – i subjected to the constraint of A[i] < A[j]. Solution:

Question: X indicates a pop operation, and with the stack initially empty, formulate a rule to check whether a given string 5 of operations is admissible or not? Solution: Given a string of length 2n, we wish to check whether the given string of operations is permissible or not with respect to its functioning on a stack. The only restricted operation is pop whose prior requirement is that the stack should not be empty. So while traversing the string from left to right, prior to any pop the stack shouldn’t be empty, which means the number of S’s is always greater than or equal to that of X’s. Hence the condition is at any stage of processing of the string, the number of push operations (S) should be greater than the number of pop operations (X). Problem-21  Suppose there are two singly linked lists which intersect at some point and become a single linked list. The head or start pointers of both the lists are known, but the intersecting node is not known. Also, the number of nodes in each of the lists before they intersect are unknown and both lists may have a different number. List1 may have n nodes before it reaches the intersection point and List2 may have m nodes before it reaches the intersection point where m and n may be m = n,m < n or m > n. Can we find the merging point using stacks? Solution: Yes. For algorithm refer to Linked Lists chapter. Problem-22  Finding Sp
Answer: Given an array A, the span S[i] of A[i] is the maximum number of consecutive elements A[j] immediately preceding A[i] and such that A[j] < A[i]? Other way of asking: Given an array A of integers, find the maximum of j – i subjected to the constraint of A[i] < A[j]. Solution:","- Definition: Data structures are the ways in which data is organized and stored in a computer so that it can be efficiently accessed and modified. They provide a way to manage large amounts of data and perform operations on that data.

- Explanation: Data structures are used to store and organize data in a way that allows for efficient access, modification, and manipulation of that data. They are used in a wide range of applications, including databases, file systems, and algorithms.

- Example: Examples of data structures include arrays, linked lists, stacks, queues, trees, and graphs.

- Time Complexity: The time complexity of data structures varies depending on the specific data structure and the operations being performed. For example, the time complexity of searching for an element in an array is O(n), while the time complexity of searching for an element in a binary search tree is O(log n).

- Space Complexity: The space complexity of data structures also varies depending on the specific data structure. For example, the space complexity of an array is O(n), while the space complexity of a linked list is O(n) as well.

- Use Cases: Data structures have a wide range of use cases, including:
  * Database management systems: Data structures are used to store and manage data in databases.
  * File systems: Data structures are used to store and manage files on a computer.
  * Algorithms: Data structures are used to implement algorithms, such as sorting and searching.
  * Web browsers: Data structures are used to store and manage web pages and user data.
  * Operating systems: Data structures are used to manage system resources, such as memory and processes.
  * Compilers: Data structures are used to store and manage source code and intermediate representations.
  * Scientific simulations: Data structures are used to store and manage large amounts of data in scientific simulations.
  * Machine learning: Data structures are used to store and manage large amounts of data in machine learning algorithms.
  * Data analytics: Data structures","{""sections"": [""General"", ""Stack""], ""pages"": [195, 124]}"
